DRUG_ID,DRUG_NAME,drug_key,canonical_smiles,smiles,inchikey,pubchem_cid,has_ChEMBL,has_DRKG,has_PrimeKG
1003,Camptothecin,camptothecin,CCC1(O)C(=O)OCc2c1cc1n(c2=O)Cc2cc3ccccc3nc2-1,CCC1(C2=C(COC1=O)C(=O)N3CC4=CC5=CC=CC=C5N=C4C3=C2)O,VSJKWCGYPAHWDS-UHFFFAOYSA-N,24360.0,0,0,1
1004,Vinblastine,vinblastine,CCC1(O)CC2CN(CCc3c([nH]c4ccccc34)C(C(=O)OC)(c3cc4c(cc3OC)N(C)C3C(O)(C(=O)OC)C(OC(C)=O)C5(CC)C=CCN6CCC43C65)C2)C1,CCC1(CC2CC(C3=C(CCN(C2)C1)C4=CC=CC=C4N3)(C5=C(C=C6C(=C5)C78CCN9C7C(C=CC9)(C(C(C8N6C)(C(=O)OC)O)OC(=O)C)CC)OC)C(=O)OC)O,JXLYSJRDGCGARV-UHFFFAOYSA-N,13342.0,1,0,1
1005,Cisplatin,cisplatin,Cl[Pt]Cl.N.N,N.N.Cl[Pt]Cl,LXZZYRPGZAFOLE-UHFFFAOYSA-L,5460033.0,1,0,1
1006,Cytarabine,cytarabine,Nc1ccn(C2OC(CO)C(O)C2O)c(=O)n1,C1=CN(C(=O)N=C1N)C2C(C(C(O2)CO)O)O,UHDGCWIWMRVCDJ-UHFFFAOYSA-N,6253.0,1,0,1
1007,Docetaxel,docetaxel,CC(=O)OC12COC1CC(O)C1(C)C(=O)C(O)C3=C(C)C(OC(=O)C(O)C(NC(=O)OC(C)(C)C)c4ccccc4)CC(O)(C(OC(=O)c4ccccc4)C21)C3(C)C,CC1=C2C(C(=O)C3(C(CC4C(C3C(C(C2(C)C)(CC1OC(=O)C(C(C5=CC=CC=C5)NC(=O)OC(C)(C)C)O)O)OC(=O)C6=CC=CC=C6)(CO4)OC(=O)C)O)C)O,ZDZOTLJHXYCWBA-UHFFFAOYSA-N,148124.0,1,0,1
1008,Methotrexate,methotrexate,CN(Cc1cnc2nc(N)nc(N)c2n1)c1ccc(C(=O)NC(CCC(=O)O)C(=O)O)cc1,CN(CC1=CN=C2C(=N1)C(=NC(=N2)N)N)C3=CC=C(C=C3)C(=O)NC(CCC(=O)O)C(=O)O,FBOZXECLQNJBKD-UHFFFAOYSA-N,126941.0,1,0,1
1009,Tretinoin,tretinoin,CC(C=CC1=C(C)CCCC1(C)C)=CC=CC(C)=CC(=O)O,CC1=C(C(CCC1)(C)C)C=CC(=CC=CC(=CC(=O)O)C)C,SHGAZHPCJJPHSC-UHFFFAOYSA-N,444795.0,1,0,1
1010,Gefitinib,gefitinib,COc1cc2ncnc(Nc3ccc(F)c(Cl)c3)c2cc1OCCCN1CCOCC1,COC1=C(C=C2C(=C1)N=CN=C2NC3=CC(=C(C=C3)F)Cl)OCCCN4CCOCC4,XGALLCVXEZPNRQ-UHFFFAOYSA-N,123631.0,1,0,1
1011,Navitoclax,navitoclax,CC1(C)CCC(c2ccc(Cl)cc2)=C(CN2CCN(c3ccc(C(=O)NS(=O)(=O)c4ccc(NC(CCN5CCOCC5)CSc5ccccc5)c(S(=O)(=O)C(F)(F)F)c4)cc3)CC2)C1,CC1(CCC(=C(C1)CN2CCN(CC2)C3=CC=C(C=C3)C(=O)NS(=O)(=O)C4=CC(=C(C=C4)NC(CCN5CCOCC5)CSC6=CC=CC=C6)S(=O)(=O)C(F)(F)F)C7=CC=C(C=C7)Cl)C,JLYAXFNOILIKPP-UHFFFAOYSA-N,24978538.0,1,0,1
1012,Vorinostat,vorinostat,O=C(CCCCCCC(=O)Nc1ccccc1)NO,C1=CC=C(C=C1)NC(=O)CCCCCCC(=O)NO,WAEXFXRVDQXREF-UHFFFAOYSA-N,5311.0,1,0,1
1013,Nilotinib,nilotinib,Cc1cn(-c2cc(NC(=O)c3ccc(C)c(Nc4nccc(-c5cccnc5)n4)c3)cc(C(F)(F)F)c2)cn1,CC1=C(C=C(C=C1)C(=O)NC2=CC(=CC(=C2)C(F)(F)F)N3C=C(N=C3)C)NC4=NC=CC(=N4)C5=CN=CC=C5,HHZIURLSWUIHRB-UHFFFAOYSA-N,644241.0,0,0,1
1014,Refametinib,refametinib,COc1cc(F)c(F)c(Nc2ccc(I)cc2F)c1NS(=O)(=O)C1(CC(O)CO)CC1,COC1=CC(=C(C(=C1NS(=O)(=O)C2(CC2)CC(CO)O)NC3=C(C=C(C=C3)I)F)F)F,RDSACQWTXKSHJT-UHFFFAOYSA-N,44182295.0,1,0,0
1016,Temsirolimus,temsirolimus,COC1CC2CCC(C)C(O)(O2)C(=O)C(=O)N2CCCCC2C(=O)OC(C(C)CC2CCC(OC(=O)C(C)(CO)CO)C(OC)C2)CC(=O)C(C)C=C(C)C(O)C(OC)C(=O)C(C)CC(C)C=CC=CC=C1C,CC1CCC2CC(C(=CC=CC=CC(CC(C(=O)C(C(C(=CC(C(=O)CC(OC(=O)C3CCCCN3C(=O)C(=O)C1(O2)O)C(C)CC4CCC(C(C4)OC)OC(=O)C(C)(CO)CO)C)C)O)OC)C)C)C)OC,CBPNZQVSJQDFBE-UHFFFAOYSA-N,6918289.0,1,0,1
1017,Olaparib,olaparib,O=C(c1cc(Cc2n[nH]c(=O)c3ccccc23)ccc1F)N1CCN(C(=O)C2CC2)CC1,C1CC1C(=O)N2CCN(CC2)C(=O)C3=C(C=CC(=C3)CC4=NNC(=O)C5=CC=CC=C54)F,FDLYAMZZIXQODN-UHFFFAOYSA-N,23725625.0,1,0,1
1018,Veliparib,veliparib,CC1(c2nc3c(C(N)=O)cccc3[nH]2)CCCN1,CC1(CCCN1)C2=NC3=C(C=CC=C3N2)C(=O)N,JNAHVYVRKWKWKQ-UHFFFAOYSA-N,11960529.0,1,0,1
1019,Bosutinib,bosutinib,COc1cc(Nc2c(C#N)cnc3cc(OCCCN4CCN(C)CC4)c(OC)cc23)c(Cl)cc1Cl,CN1CCN(CC1)CCCOC2=C(C=C3C(=C2)N=CC(=C3NC4=CC(=C(C=C4Cl)Cl)OC)C#N)OC,UBPYILGKFZZVDX-UHFFFAOYSA-N,5328940.0,1,0,1
1020,Lenalidomide,lenalidomide,Nc1cccc2c1CN(C1CCC(=O)NC1=O)C2=O,C1CC(=O)NC(=O)C1N2CC3=C(C2=O)C=CC=C3N,GOTYRUGSSMKFNF-UHFFFAOYSA-N,216326.0,1,0,1
1021,Axitinib,axitinib,CNC(=O)c1ccccc1Sc1ccc2c(C=Cc3ccccn3)n[nH]c2c1,CNC(=O)C1=CC=CC=C1SC2=CC3=C(C=C2)C(=NN3)C=CC4=CC=CC=N4,RITAVMQDGBJQJZ-UHFFFAOYSA-N,6450551.0,1,0,1
1022,AZD7762,azd7762,NC(=O)Nc1cc(-c2cccc(F)c2)sc1C(=O)NC1CCCNC1,C1CC(CNC1)NC(=O)C2=C(C=C(S2)C3=CC(=CC=C3)F)NC(=O)N,IAYGCINLNONXHY-UHFFFAOYSA-N,11152667.0,0,0,0
1023,GW441756,gw441756,Cl.Cn1cc(C=C2C(=O)Nc3cccnc32)c2ccccc21,CN1C=C(C2=CC=CC=C21)C=C3C4=C(C=CC=N4)NC3=O.Cl,GXUJPQDCLCDKLU-UHFFFAOYSA-N,73755109.0,0,0,0
1024,Lestaurtinib,lestaurtinib,CC12OC(CC1(O)CO)n1c3ccccc3c3c4c(c5c6ccccc6n2c5c31)CNC4=O,CC12C(CC(O1)N3C4=CC=CC=C4C5=C6C(=C7C8=CC=CC=C8N2C7=C53)CNC6=O)(CO)O,UIARLYUEJFELEN-UHFFFAOYSA-N,126565.0,1,0,1
1025,SB216763,sb216763,Cn1cc(C2=C(c3ccc(Cl)cc3Cl)C(=O)NC2=O)c2ccccc21,CN1C=C(C2=CC=CC=C21)C3=C(C(=O)NC3=O)C4=C(C=C(C=C4)Cl)Cl,JCSGFHVFHSKIJH-UHFFFAOYSA-N,176158.0,0,0,0
1026,Tanespimycin,tanespimycin,C=CCNC1=C2CC(C)CC(OC)C(O)C(C)C=C(C)C(OC(N)=O)C(OC)C=CC=C(C)C(=O)NC(=CC1=O)C2=O,CC1CC(C(C(C=C(C(C(C=CC=C(C(=O)NC2=CC(=O)C(=C(C1)C2=O)NCC=C)C)OC)OC(=O)N)C)C)O)OC,AYUNIORJHRXIBJ-UHFFFAOYSA-N,6505803.0,1,0,1
1029,Motesanib,motesanib,CC1(C)CNc2cc(NC(=O)c3cccnc3NCc3ccncc3)ccc21,CC1(CNC2=C1C=CC(=C2)NC(=O)C3=C(N=CC=C3)NCC4=CC=NC=C4)C,RAHBGWKEPAQNFF-UHFFFAOYSA-N,11667893.0,1,0,0
1030,KU-55933,ku 55933,O=c1cc(-c2cccc3c2Sc2ccccc2S3)oc(N2CCOCC2)c1,C1COCCN1C2=CC(=O)C=C(O2)C3=C4C(=CC=C3)SC5=CC=CC=C5S4,XRKYMMUGXMWDAO-UHFFFAOYSA-N,5278396.0,0,0,0
1031,Elesclomol,elesclomol,CN(NC(=O)CC(=O)NN(C)C(=S)c1ccccc1)C(=S)c1ccccc1,CN(C(=S)C1=CC=CC=C1)NC(=O)CC(=O)NN(C)C(=S)C2=CC=CC=C2,BKJIXTWSNXCKJH-UHFFFAOYSA-N,300471.0,0,0,0
1032,Afatinib,afatinib,CN(C)CC=CC(=O)Nc1cc2c(Nc3ccc(F)c(Cl)c3)ncnc2cc1OC1CCOC1,CN(C)CC=CC(=O)NC1=C(C=C2C(=C1)C(=NC=N2)NC3=CC(=C(C=C3)F)Cl)OC4CCOC4,ULXXDDBFHOBEHA-UHFFFAOYSA-N,10184653.0,0,0,1
1033,Vismodegib,vismodegib,CS(=O)(=O)c1ccc(C(=O)Nc2ccc(Cl)c(-c3ccccn3)c2)c(Cl)c1,CS(=O)(=O)C1=CC(=C(C=C1)C(=O)NC2=CC(=C(C=C2)Cl)C3=CC=CC=N3)Cl,BPQMGSKTAYIVFO-UHFFFAOYSA-N,24776445.0,1,0,1
1034,Staurosporine,staurosporine,CNC1CC2OC(C)(C1OC)n1c3ccccc3c3c4c(c5c6ccccc6n2c5c31)C(=O)NC4,CC12C(C(CC(O1)N3C4=CC=CC=C4C5=C6C(=C7C8=CC=CC=C8N2C7=C53)CNC6=O)NC)OC,HKSZLNNOFSGOKW-UHFFFAOYSA-N,44259.0,0,0,1
1036,PLX-4720,plx 4720,CCCS(=O)(=O)Nc1ccc(F)c(C(=O)c2c[nH]c3ncc(Cl)cc23)c1F,CCCS(=O)(=O)NC1=C(C(=C(C=C1)F)C(=O)C2=CNC3=C2C=C(C=N3)Cl)F,YZDJQTHVDDOVHR-UHFFFAOYSA-N,24180719.0,0,0,1
1037,BX795,bx795,O=C(NCCCNc1nc(Nc2cccc(NC(=O)N3CCCC3)c2)ncc1I)c1cccs1,C1CCN(C1)C(=O)NC2=CC=CC(=C2)NC3=NC=C(C(=N3)NCCCNC(=O)C4=CC=CS4)I,VAVXGGRQQJZYBL-UHFFFAOYSA-N,10077147.0,0,0,0
1038,NU7441,nu7441,O=c1cc(N2CCOCC2)oc2c(-c3cccc4c3sc3ccccc34)cccc12,C1COCCN1C2=CC(=O)C3=C(O2)C(=CC=C3)C4=CC=CC5=C4SC6=CC=CC=C56,JAMULYFATHSZJM-UHFFFAOYSA-N,11327430.0,0,0,0
1039,SL0101,sl0101,CC(=O)OC1C(C)OC(Oc2c(-c3ccc(O)cc3)oc3cc(O)cc(O)c3c2=O)C(O)C1OC(C)=O,CC1C(C(C(C(O1)OC2=C(OC3=CC(=CC(=C3C2=O)O)O)C4=CC=C(C=C4)O)O)OC(=O)C)OC(=O)C,SXOZSDJHGMAEGZ-UHFFFAOYSA-N,10459196.0,0,0,0
1042,Doramapimod,doramapimod,Cc1ccc(-n2nc(C(C)(C)C)cc2NC(=O)Nc2ccc(OCCN3CCOCC3)c3ccccc23)cc1,CC1=CC=C(C=C1)N2C(=CC(=N2)C(C)(C)C)NC(=O)NC3=CC=C(C4=CC=CC=C43)OCCN5CCOCC5,MVCOAUNKQVWQHZ-UHFFFAOYSA-N,156422.0,1,0,1
1043,JNK Inhibitor VIII,jnk inhibitor viii,CCOc1nc(NC(=O)Cc2cc(OC)ccc2OC)cc(N)c1C#N,CCOC1=C(C(=CC(=N1)NC(=O)CC2=C(C=CC(=C2)OC)OC)N)C#N,KQMPRSZTUSSXND-UHFFFAOYSA-N,11624601.0,0,0,0
1046,Wee1 Inhibitor,wee1 inhibitor,O=C1NC(=O)c2c1c(-c1ccccc1Cl)cc1[nH]c3ccc(O)cc3c21,C1=CC=C(C(=C1)C2=CC3=C(C4=C(N3)C=CC(=C4)O)C5=C2C(=O)NC5=O)Cl,DPEXRCOBPACFOO-UHFFFAOYSA-N,10384072.0,0,0,0
1047,Nutlin-3a (-),nutlin 3a,CC(=O)NC1C(O)CC(O)(C(=O)O)OC1C(O)C(O)CO,CC(=O)NC1C(CC(OC1C(C(CO)O)O)(C(=O)O)O)O,SQVRNKJHWKZAKO-UHFFFAOYSA-N,445063.0,0,0,0
1048,Mirin,mirin,NC1=NC(=O)C(=Cc2ccc(O)cc2)S1,C1=CC(=CC=C1C=C2C(=O)N=C(S2)N)O,YBHQCJILTOVLHD-UHFFFAOYSA-N,1206243.0,0,0,0
1049,PD173074,pd173074,CCN(CC)CCCCNc1ncc2cc(-c3cc(OC)cc(OC)c3)c(NC(=O)NC(C)(C)C)nc2n1,CCN(CC)CCCCNC1=NC2=NC(=C(C=C2C=N1)C3=CC(=CC(=C3)OC)OC)NC(=O)NC(C)(C)C,DXCUKNQANPLTEJ-UHFFFAOYSA-N,1401.0,0,0,0
1050,ZM447439,zm447439,COc1cc2c(Nc3ccc(NC(=O)c4ccccc4)cc3)ncnc2cc1OCCCN1CCOCC1,COC1=C(C=C2C(=C1)C(=NC=N2)NC3=CC=C(C=C3)NC(=O)C4=CC=CC=C4)OCCCN5CCOCC5,OGNYUTNQZVRGMN-UHFFFAOYSA-N,9914412.0,0,0,0
1051,Alisertib,alisertib,COc1cc(Nc2ncc3c(n2)-c2ccc(Cl)cc2C(c2c(F)cccc2OC)=NC3)ccc1C(=O)O,COC1=C(C(=CC=C1)F)C2=NCC3=CN=C(N=C3C4=C2C=C(C=C4)Cl)NC5=CC(=C(C=C5)C(=O)O)OC,ZLHFILGSQDJULK-UHFFFAOYSA-N,24771867.0,1,0,1
1052,RO-3306,ro 3306,O=C1NC(=NCc2cccs2)SC1=Cc1ccc2ncccc2c1,C1=CC2=C(C=CC(=C2)C=C3C(=O)NC(=NCC4=CC=CS4)S3)N=C1,XOLMRFUGOINFDQ-UHFFFAOYSA-N,136240579.0,0,0,0
1053,MK-2206,mk 2206,NC1(c2ccc(-c3nc4ccn5c(=O)[nH]nc5c4cc3-c3ccccc3)cc2)CCC1,C1CC(C1)(C2=CC=C(C=C2)C3=C(C=C4C(=N3)C=CN5C4=NNC5=O)C6=CC=CC=C6)N,ULDXWLCXEDXJGE-UHFFFAOYSA-N,24964624.0,1,0,0
1054,Palbociclib,palbociclib,CC(=O)c1c(C)c2cnc(Nc3ccc(N4CCNCC4)cn3)nc2n(C2CCCC2)c1=O,CC1=C(C(=O)N(C2=NC(=NC=C12)NC3=NC=C(C=C3)N4CCNCC4)C5CCCC5)C(=O)C,AHJRHEGDXFFMBM-UHFFFAOYSA-N,5330286.0,1,0,1
1057,Dactolisib,dactolisib,Cn1c(=O)n(-c2ccc(C(C)(C)C#N)cc2)c2c3cc(-c4cnc5ccccc5c4)ccc3ncc21,CC(C)(C#N)C1=CC=C(C=C1)N2C3=C4C=C(C=CC4=NC=C3N(C2=O)C)C5=CC6=CC=CC=C6N=C5,JOGKUKXHTYWRGZ-UHFFFAOYSA-N,11977753.0,1,0,0
1058,Pictilisib,pictilisib,CS(=O)(=O)N1CCN(Cc2cc3nc(-c4cccc5[nH]ncc45)nc(N4CCOCC4)c3s2)CC1,CS(=O)(=O)N1CCN(CC1)CC2=CC3=C(S2)C(=NC(=N3)C4=C5C=NNC5=CC=C4)N6CCOCC6,LHNIIDJUOCFXAP-UHFFFAOYSA-N,17755052.0,1,0,0
1059,AZD8055,azd8055,COc1ccc(-c2ccc3c(N4CCOCC4C)nc(N4CCOCC4C)nc3n2)cc1CO,CC1COCCN1C2=NC(=NC3=C2C=CC(=N3)C4=CC(=C(C=C4)OC)CO)N5CCOCC5C,KVLFRAWTRWDEDF-UHFFFAOYSA-N,25262965.0,0,0,0
1060,PD0325901,pd0325901,O=C(NOCC(O)CO)c1ccc(F)c(F)c1Nc1ccc(I)cc1F,C1=CC(=C(C=C1I)F)NC2=C(C=CC(=C2F)F)C(=O)NOCC(CO)O,SUDAHWBOROXANE-UHFFFAOYSA-N,9826528.0,0,0,0
1061,SB590885,sb590885,CN(C)CCOc1ccc(-c2nc(-c3ccc4c(c3)CCC4=NO)c(-c3ccncc3)[nH]2)cc1,CN(C)CCOC1=CC=C(C=C1)C2=NC(=C(N2)C3=CC=NC=C3)C4=CC5=C(C=C4)C(=NO)CC5,MLSAQOINCGAULQ-UHFFFAOYSA-N,135564599.0,0,0,0
1062,Selumetinib,selumetinib,Cn1cnc2c(F)c(Nc3ccc(Br)cc3Cl)c(C(=O)NOCCO)cc21,CN1C=NC2=C1C=C(C(=C2F)NC3=C(C=C(C=C3)Br)Cl)C(=O)NOCCO,CYOHGALHFOKKQC-UHFFFAOYSA-N,10127622.0,1,0,1
1067,CCT007093,cct007093,O=C1C(=Cc2cccs2)CCC1=Cc1cccs1,C1CC(=CC2=CC=CS2)C(=O)C1=CC3=CC=CS3,KPFZCKDPBMGECB-UHFFFAOYSA-N,2314623.0,0,0,0
1068,Obatoclax Mesylate,obatoclax,COc1cc(=C2C=c3ccccc3=N2)[nH]c1=Cc1[nH]c(C)cc1C.CS(=O)(=O)O,CC1=CC(=C(N1)C=C2C(=CC(=C3C=C4C=CC=CC4=N3)N2)OC)C.CS(=O)(=O)O,ZVAGBRFUYHSUHA-UHFFFAOYSA-N,16681698.0,1,0,1
1069,EHT-1864,eht 1864,Cl.Cl.O=c1cc(CN2CCOCC2)occ1OCCCCCSc1ccnc2cc(C(F)(F)F)ccc12,C1COCCN1CC2=CC(=O)C(=CO2)OCCCCCSC3=C4C=CC(=CC4=NC=C3)C(F)(F)F.Cl.Cl,LSECOAJFCKFQJG-UHFFFAOYSA-N,9938202.0,0,0,0
1072,Avagacestat,avagacestat,NC(=O)C(CCC(F)(F)F)N(Cc1ccc(-c2ncon2)cc1F)S(=O)(=O)c1ccc(Cl)cc1,C1=CC(=CC=C1S(=O)(=O)N(CC2=C(C=C(C=C2)C3=NOC=N3)F)C(CCC(F)(F)F)C(=O)N)Cl,XEAOPVUAMONVLA-UHFFFAOYSA-N,46883536.0,1,0,0
1073,5-Fluorouracil,5 fluorouracil,O=c1[nH]cc(F)c(=O)[nH]1,C1=C(C(=O)NC(=O)N1)F,GHASVSINZRGABV-UHFFFAOYSA-N,3385.0,1,0,0
1079,Dasatinib,dasatinib,Cc1nc(Nc2ncc(C(=O)Nc3c(C)cccc3Cl)s2)cc(N2CCN(CCO)CC2)n1,CC1=C(C(=CC=C1)Cl)NC(=O)C2=CN=C(S2)NC3=CC(=NC(=N3)C)N4CCN(CC4)CCO,ZBNZXTGUTAYRHI-UHFFFAOYSA-N,3062316.0,1,0,1
1080,Paclitaxel,paclitaxel,CC(=O)OC1C(=O)C2(C)C(O)CC3OCC3(OC(C)=O)C2C(OC(=O)c2ccccc2)C2(O)CC(OC(=O)C(O)C(NC(=O)c3ccccc3)c3ccccc3)C(C)=C1C2(C)C,CC1=C2C(C(=O)C3(C(CC4C(C3C(C(C2(C)C)(CC1OC(=O)C(C(C5=CC=CC=C5)NC(=O)C6=CC=CC=C6)O)O)OC(=O)C7=CC=CC=C7)(CO4)OC(=O)C)O)C)OC(=O)C,RCINICONZNJXQF-UHFFFAOYSA-N,36314.0,1,0,1
1083,Crizotinib,crizotinib,CC(Oc1cc(-c2cnn(C3CCNCC3)c2)cnc1N)c1c(Cl)ccc(F)c1Cl,CC(C1=C(C=CC(=C1Cl)F)Cl)OC2=C(N=CC(=C2)C3=CN(N=C3)C4CCNCC4)N,KTEIFNKAUNYNJU-UHFFFAOYSA-N,11626560.0,1,0,1
1084,Rapamycin,rapamycin,COC1CC2CCC(C)C(O)(O2)C(=O)C(=O)N2CCCCC2C(=O)OC(C(C)CC2CCC(O)C(OC)C2)CC(=O)C(C)C=C(C)C(O)C(OC)C(=O)C(C)CC(C)C=CC=CC=C1C,CC1CCC2CC(C(=CC=CC=CC(CC(C(=O)C(C(C(=CC(C(=O)CC(OC(=O)C3CCCCN3C(=O)C(=O)C1(O2)O)C(C)CC4CCC(C(C4)OC)O)C)C)O)OC)C)C)C)OC,QFJCIRLUMZQUOT-UHFFFAOYSA-N,5284616.0,1,0,1
1085,Sorafenib,sorafenib,CNC(=O)c1cc(Oc2ccc(NC(=O)Nc3ccc(Cl)c(C(F)(F)F)c3)cc2)ccn1,CNC(=O)C1=NC=CC(=C1)OC2=CC=C(C=C2)NC(=O)NC3=CC(=C(C=C3)Cl)C(F)(F)F,MLDQJTXFUGDVEO-UHFFFAOYSA-N,216239.0,0,0,1
1086,BI-2536,bi 2536,CCC1C(=O)N(C)c2cnc(Nc3ccc(C(=O)NC4CCN(C)CC4)cc3OC)nc2N1C1CCCC1,CCC1C(=O)N(C2=CN=C(N=C2N1C3CCCC3)NC4=C(C=C(C=C4)C(=O)NC5CCN(CC5)C)OC)C,XQVVPGYIWAGRNI-UHFFFAOYSA-N,11364421.0,1,0,0
1088,Irinotecan,irinotecan,CCc1c2c(nc3ccc(OC(=O)N4CCC(N5CCCCC5)CC4)cc13)-c1cc3c(c(=O)n1C2)COC(=O)C3(O)CC,CCC1=C2CN3C(=CC4=C(C3=O)COC(=O)C4(CC)O)C2=NC5=C1C=C(C=C5)OC(=O)N6CCC(CC6)N7CCCCC7,UWKQSNNFCGGAFS-UHFFFAOYSA-N,60838.0,1,0,1
1089,Oxaliplatin,oxaliplatin,O=C(O)C(=O)O.[NH-]C1CCCCC1[NH-].[Pt+2],C1CCC(C(C1)[NH-])[NH-].C(=O)(C(=O)O)O.[Pt+2],DRMCATBEKSVAPL-UHFFFAOYSA-N,9887053.0,1,0,1
1091,BMS-536924,bms 536924,Cc1cc(N2CCOCC2)cc2[nH]c(-c3c(NCC(O)c4cccc(Cl)c4)cc[nH]c3=O)nc12,CC1=CC(=CC2=C1N=C(N2)C3=C(C=CNC3=O)NCC(C4=CC(=CC=C4)Cl)O)N5CCOCC5,ZWVZORIKUNOTCS-UHFFFAOYSA-N,135440466.0,0,0,0
1093,GSK1904529A,gsk1904529a,CCc1cc(Nc2nccc(-c3c(-c4ccc(OC)c(C(=O)Nc5c(F)cccc5F)c4)nc4ccccn34)n2)c(OC)cc1N1CCC(N2CCN(S(C)(=O)=O)CC2)CC1,CCC1=CC(=C(C=C1N2CCC(CC2)N3CCN(CC3)S(=O)(=O)C)OC)NC4=NC=CC(=N4)C5=C(N=C6N5C=CC=C6)C7=CC(=C(C=C7)OC)C(=O)NC8=C(C=CC=C8F)F,MOSKATHMXWSZTQ-UHFFFAOYSA-N,25124816.0,0,0,0
1096,Tozasertib,tozasertib,Cc1cc(Nc2cc(N3CCN(C)CC3)nc(Sc3ccc(NC(=O)C4CC4)cc3)n2)n[nH]1,CC1=CC(=NN1)NC2=CC(=NC(=N2)SC3=CC=C(C=C3)NC(=O)C4CC4)N5CCN(CC5)C,GCIKSSRWRFVXBI-UHFFFAOYSA-N,5494449.0,1,0,0
1129,PF-4708671,pf 4708671,CCc1cncnc1N1CCN(Cc2nc3ccc(C(F)(F)F)cc3[nH]2)CC1,CCC1=CN=CN=C1N2CCN(CC2)CC3=NC4=C(N3)C=C(C=C4)C(F)(F)F,FBLPQCAQRNSVHB-UHFFFAOYSA-N,51371303.0,0,0,0
1131,PRIMA-1MET,prima 1met,COCC1(CO)C(=O)C2CCN1CC2,COCC1(C(=O)C2CCN1CC2)CO,BGBNULCRKBVAKL-UHFFFAOYSA-N,52918385.0,1,0,0
1133,Serdemetan,serdemetan,c1ccc2c(CCNc3ccc(Nc4ccncc4)cc3)c[nH]c2c1,C1=CC=C2C(=C1)C(=CN2)CCNC3=CC=C(C=C3)NC4=CC=NC=C4,CEGSUKYESLWKJP-UHFFFAOYSA-N,11609586.0,0,0,0
1149,TW 37,tw 37,CC(C)c1ccccc1Cc1cc(C(=O)Nc2ccc(S(=O)(=O)c3ccccc3C(C)(C)C)cc2)c(O)c(O)c1O,CC(C)C1=CC=CC=C1CC2=CC(=C(C(=C2O)O)O)C(=O)NC3=CC=C(C=C3)S(=O)(=O)C4=CC=CC=C4C(C)(C)C,PQAPVTKIEGUPRN-UHFFFAOYSA-N,11455910.0,0,0,0
1168,Erlotinib,erlotinib,C#Cc1cccc(Nc2ncnc3cc(OCCOC)c(OCCOC)cc23)c1,COCCOC1=C(C=C2C(=C1)C(=NC=N2)NC3=CC=CC(=C3)C#C)OCCOC,AAKJLRGGTJKAMG-UHFFFAOYSA-N,176870.0,1,0,1
1170,CCT-018159,cct 018159,CCc1cc(-c2n[nH]c(C)c2-c2ccc3c(c2)OCCO3)c(O)cc1O,CCC1=CC(=C(C=C1O)O)C2=NNC(=C2C3=CC4=C(C=C3)OCCO4)C,OWPMENVYXDJDOW-UHFFFAOYSA-N,984170.0,0,1,1
1175,Rucaparib,rucaparib,CNCc1ccc(-c2[nH]c3cc(F)cc4c3c2CCNC4=O)cc1,CNCC1=CC=C(C=C1)C2=C3CCNC(=O)C4=C3C(=CC(=C4)F)N2,HMABYWSNWIZPAG-UHFFFAOYSA-N,9931954.0,1,0,1
1177,Niraparib,niraparib,NC(=O)c1cccc2cn(-c3ccc(C4CCCNC4)cc3)nc12,C1CC(CNC1)C2=CC=C(C=C2)N3C=C4C=CC=C(C4=N3)C(=O)N,PCHKPVIQAHNQLW-UHFFFAOYSA-N,24958200.0,1,0,1
1179,MK-1775,mk 1775,C=CCn1c(=O)c2cnc(Nc3ccc(N4CCN(C)CC4)cc3)nc2n1-c1cccc(C(C)(C)O)n1,CC(C)(C1=NC(=CC=C1)N2C3=NC(=NC=C3C(=O)N2CC=C)NC4=CC=C(C=C4)N5CCN(CC5)C)O,BKWJAKQVGHWELA-UHFFFAOYSA-N,24856436.0,1,0,1
1180,Dinaciclib,dinaciclib,CCc1cnn2c(NCc3ccc[n+]([O-])c3)cc(N3CCCCC3CCO)nc12,CCC1=C2N=C(C=C(N2N=C1)NCC3=C[N+](=CC=C3)[O-])N4CCCCC4CCO,PIMQWRZWLQKKBJ-UHFFFAOYSA-N,46926350.0,1,0,0
1190,Gemcitabine,gemcitabine,Nc1ccn(C2OC(CO)C(O)C2(F)F)c(=O)n1,C1=CN(C(=O)N=C1N)C2C(C(C(O2)CO)O)(F)F,SDUQYLNIPVEERB-UHFFFAOYSA-N,60750.0,1,0,1
1191,Bortezomib,bortezomib,CC(C)CC(NC(=O)C(Cc1ccccc1)NC(=O)c1cnccn1)B(O)O,B(C(CC(C)C)NC(=O)C(CC1=CC=CC=C1)NC(=O)C2=NC=CN=C2)(O)O,GXJABQQUPOEUTA-UHFFFAOYSA-N,387447.0,0,0,1
1192,GSK269962A,gsk269962a,CCn1c(-c2nonc2N)nc2cnc(Oc3cccc(NC(=O)c4ccc(OCCN5CCOCC5)cc4)c3)cc21,CCN1C2=CC(=NC=C2N=C1C3=NON=C3N)OC4=CC=CC(=C4)NC(=O)C5=CC=C(C=C5)OCCN6CCOCC6,YOVNFNXUCOWYSG-UHFFFAOYSA-N,16095342.0,0,0,0
1194,SB505124,sb505124,Cc1cccc(-c2[nH]c(C(C)(C)C)nc2-c2ccc3c(c2)OCO3)n1,CC1=NC(=CC=C1)C2=C(N=C(N2)C(C)(C)C)C3=CC4=C(C=C3)OCO4,WGZOTBUYUFBEPZ-UHFFFAOYSA-N,9858940.0,0,0,0
1199,Tamoxifen,tamoxifen,CCC(=C(c1ccccc1)c1ccc(OCCN(C)C)cc1)c1ccccc1,CCC(=C(C1=CC=CC=C1)C2=CC=C(C=C2)OCCN(C)C)C3=CC=CC=C3,NKANXQFJJICGDU-UHFFFAOYSA-N,2733526.0,0,0,1
1200,Fulvestrant,fulvestrant,CC12CCC3c4ccc(O)cc4CC(CCCCCCCCCS(=O)CCCC(F)(F)C(F)(F)F)C3C1CCC2O,CC12CCC3C(C1CCC2O)C(CC4=C3C=CC(=C4)O)CCCCCCCCCS(=O)CCCC(C(F)(F)F)(F)F,VWUXBMIQPBEWFH-UHFFFAOYSA-N,104741.0,1,0,1
1237,EPZ004777,epz004777,CC(C)N(CCCNC(=O)Nc1ccc(C(C)(C)C)cc1)CC1OC(n2ccc3c(N)ncnc32)C(O)C1O,CC(C)N(CCCNC(=O)NC1=CC=C(C=C1)C(C)(C)C)CC2C(C(C(O2)N3C=CC4=C(N=CN=C43)N)O)O,WXRGFPHDRFQODR-UHFFFAOYSA-N,56962336.0,0,0,0
1239,YK-4-279,yk 4 279,COc1ccc(C(=O)CC2(O)C(=O)Nc3c(Cl)ccc(Cl)c32)cc1,COC1=CC=C(C=C1)C(=O)CC2(C3=C(C=CC(=C3NC2=O)Cl)Cl)O,HLXSCTYHLQHQDJ-UHFFFAOYSA-N,44632017.0,0,0,0
1243,Piperlongumine,piperlongumine,COc1cc(C=CC(=O)N2CCC=CC2=O)cc(OC)c1OC,COC1=CC(=CC(=C1OC)OC)C=CC(=O)N2CCC=CC2=O,VABYUUZNAVQNPG-UHFFFAOYSA-N,637858.0,0,0,0
1248,Daporinad,daporinad,O=C(C=Cc1cccnc1)NCCCCC1CCN(C(=O)c2ccccc2)CC1,C1CN(CCC1CCCCNC(=O)C=CC2=CN=CC=C2)C(=O)C3=CC=CC=C3,KPBNHDGDUADAGP-UHFFFAOYSA-N,6914657.0,1,0,1
1249,BMS-345541,bms 345541,Cc1ccc2nc(NCCN)c3ncc(C)n3c2c1.Cl,CC1=CC2=C(C=C1)N=C(C3=NC=C(N23)C)NCCN.Cl,MIDKPVLYXNLFGZ-UHFFFAOYSA-N,9926054.0,0,0,0
1250,AZ960,az960,Cc1cc(Nc2nc(NC(C)c3ccc(F)cc3)c(C#N)cc2F)n[nH]1,CC1=CC(=NN1)NC2=C(C=C(C(=N2)NC(C)C3=CC=C(C=C3)F)C#N)F,SUNXHXDJOIXABJ-UHFFFAOYSA-N,25099184.0,0,0,0
1259,Talazoparib,talazoparib,Cn1ncnc1C1c2n[nH]c(=O)c3cc(F)cc(c23)NC1c1ccc(F)cc1,CN1C(=NC=N1)C2C(NC3=CC(=CC4=C3C2=NNC4=O)F)C5=CC=C(C=C5)F,HWGQMRYQVZSGDQ-UHFFFAOYSA-N,135565082.0,1,0,1
1268,XAV939,xav939,O=c1[nH]c(-c2ccc(C(F)(F)F)cc2)nc2c1CSCC2,C1CSCC2=C1N=C(NC2=O)C3=CC=C(C=C3)C(F)(F)F,KLGQSVMIPOVQAX-UHFFFAOYSA-N,135418940.0,0,0,0
1372,Trametinib,trametinib,CC(=O)Nc1cccc(-n2c(=O)n(C3CC3)c(=O)c3c(Nc4ccc(I)cc4F)n(C)c(=O)c(C)c32)c1,CC1=C2C(=C(N(C1=O)C)NC3=C(C=C(C=C3)I)F)C(=O)N(C(=O)N2C4=CC=CC(=C4)NC(=O)C)C5CC5,LIRYPHYGHXZJBZ-UHFFFAOYSA-N,11707110.0,1,0,1
1373,Dabrafenib,dabrafenib,CC(C)(C)c1nc(-c2cccc(NS(=O)(=O)c3c(F)cccc3F)c2F)c(-c2ccnc(N)n2)s1,CC(C)(C)C1=NC(=C(S1)C2=NC(=NC=C2)N)C3=C(C(=CC=C3)NS(=O)(=O)C4=C(C=CC=C4F)F)F,BFSMGDJOXZAERB-UHFFFAOYSA-N,44462760.0,1,0,1
1375,Temozolomide,temozolomide,Cn1nnc2c(C(N)=O)ncn2c1=O,CN1C(=O)N2C=NC(=C2N=N1)C(=O)N,BPEGJWRSRHCHSN-UHFFFAOYSA-N,5394.0,1,0,1
1378,Bleomycin (50 uM),bleomycin 50 um,Cc1c(N)nc(C(CC(N)=O)NCC(N)C(N)=O)nc1C(=O)NC(C(=O)NC(C)C(O)C(C)C(=O)NC(C(=O)NCCc1nc(-c2nc(C(=O)NCCC[S+](C)C)cs2)cs1)C(C)O)C(OC1OC(CO)C(O)C(O)C1OC1OC(CO)C(O)C(OC(N)=O)C1O)c1cnc[nH]1,CC1=C(N=C(N=C1N)C(CC(=O)N)NCC(C(=O)N)N)C(=O)NC(C(C2=CN=CN2)OC3C(C(C(C(O3)CO)O)O)OC4C(C(C(C(O4)CO)O)OC(=O)N)O)C(=O)NC(C)C(C(C)C(=O)NC(C(C)O)C(=O)NCCC5=NC(=CS5)C6=NC(=CS6)C(=O)NCCC[S+](C)C)O,OYVAGSVQBOHSSS-UHFFFAOYSA-O,5360373.0,1,0,1
1401,AZD5438,azd5438,Cc1ncc(-c2ccnc(Nc3ccc(S(C)(=O)=O)cc3)n2)n1C(C)C,CC1=NC=C(N1C(C)C)C2=NC(=NC=C2)NC3=CC=C(C=C3)S(=O)(=O)C,WJRRGYBTGDJBFX-UHFFFAOYSA-N,16747683.0,1,0,0
1428,IAP_5620,iap 5620,CC(N)Cc1ccc2c(c1)CCC2,CC(CC1=CC2=C(CCC2)C=C1)N,QYVNZHBQYJRLEX-UHFFFAOYSA-N,192600.0,0,0,0
1441,AZD2014,azd2014,CNC(=O)c1cccc(-c2ccc3c(N4CCOCC4C)nc(N4CCOCC4C)nc3n2)c1,CC1COCCN1C2=NC(=NC3=C2C=CC(=N3)C4=CC(=CC=C4)C(=O)NC)N5CCOCC5C,JUSFANSTBFGBAF-UHFFFAOYSA-N,25262792.0,1,0,0
1449,AZD1208,azd1208,NC1CCCN(c2c(C=C3SC(=O)NC3=O)cccc2-c2ccccc2)C1,C1CC(CN(C1)C2=C(C=CC=C2C3=CC=CC=C3)C=C4C(=O)NC(=O)S4)N,MCUJKPPARUPFJM-UHFFFAOYSA-N,58423153.0,1,0,0
1463,AZD1332,azd1332,CC(C)Oc1cc(Nc2nc(NC(C)c3ccc(F)cn3)ncc2Cl)[nH]n1,CC(C)OC1=NNC(=C1)NC2=NC(=NC=C2Cl)NC(C)C3=NC=C(C=C3)F,LBVKEEFIPBQIMD-UHFFFAOYSA-N,49831044.0,0,0,0
1494,SN-38,sn 38,CCc1c2c(nc3ccc(O)cc13)-c1cc3c(c(=O)n1C2)COC(=O)C3(O)CC,CCC1=C2CN3C(=CC4=C(C3=O)COC(=O)C4(CC)O)C2=NC5=C1C=C(C=C5)O,FJHBVJOVLFPMQE-UHFFFAOYSA-N,104842.0,1,0,1
1502,Bicalutamide,bicalutamide,CC(O)(CS(=O)(=O)c1ccc(F)cc1)C(=O)Nc1ccc(C#N)c(C(F)(F)F)c1,CC(CS(=O)(=O)C1=CC=C(C=C1)F)(C(=O)NC2=CC(=C(C=C2)C#N)C(F)(F)F)O,LKJPYSCBVHEWIU-UHFFFAOYSA-N,2375.0,1,0,1
1507,Ruxolitinib,ruxolitinib,N#CCC(C1CCCC1)n1cc(-c2ncnc3[nH]ccc23)cn1,C1CCC(C1)C(CC#N)N2C=C(C=N2)C3=C4C=CNC4=NC=N3,HFNKQEVNSGCOJV-UHFFFAOYSA-N,25126798.0,1,0,1
1510,Linsitinib,linsitinib,CC1(O)CC(c2nc(-c3ccc4ccc(-c5ccccc5)nc4c3)c3c(N)nccn23)C1,CC1(CC(C1)C2=NC(=C3N2C=CN=C3N)C4=CC5=C(C=C4)C=CC(=N5)C6=CC=CC=C6)O,PKCDDUHJAFVJJB-UHFFFAOYSA-N,11640390.0,1,0,1
1511,Epirubicin,epirubicin,COc1cccc2c1C(=O)c1c(O)c3c(c(O)c1C2=O)CC(O)(C(=O)CO)CC3OC1CC(N)C(O)C(C)O1,CC1C(C(CC(O1)OC2CC(CC3=C2C(=C4C(=C3O)C(=O)C5=C(C4=O)C(=CC=C5)OC)O)(C(=O)CO)O)N)O,AOJJSUZBOXZQNB-UHFFFAOYSA-N,41867.0,1,0,1
1512,Cyclophosphamide,cyclophosphamide,O=P1(N(CCCl)CCCl)NCCCO1,C1CNP(=O)(OC1)N(CCCl)CCCl,CMSMOCZEIVJLDB-UHFFFAOYSA-N,2907.0,1,0,1
1529,Pevonedistat,pevonedistat,NS(=O)(=O)OCC1CC(n2ccc3c(NC4CCc5ccccc54)ncnc32)CC1O,C1CC2=CC=CC=C2C1NC3=C4C=CN(C4=NC=N3)C5CC(C(C5)O)COS(=O)(=O)N,MPUQHZXIXSTTDU-UHFFFAOYSA-N,16720766.0,1,0,0
1549,Sapitinib,sapitinib,CNC(=O)CN1CCC(Oc2cc3c(Nc4cccc(Cl)c4F)ncnc3cc2OC)CC1,CNC(=O)CN1CCC(CC1)OC2=C(C=C3C(=C2)C(=NC=N3)NC4=C(C(=CC=C4)Cl)F)OC,DFJSJLGUIXFDJP-UHFFFAOYSA-N,11488320.0,1,0,0
1553,Uprosertib,uprosertib,Cn1ncc(Cl)c1-c1cc(C(=O)NC(CN)Cc2ccc(F)c(F)c2)oc1Cl,CN1C(=C(C=N1)Cl)C2=C(OC(=C2)C(=O)NC(CC3=CC(=C(C=C3)F)F)CN)Cl,AXTAPYRUEKNRBA-UHFFFAOYSA-N,51042438.0,1,0,0
1557,LCL161,lcl161,CNC(C)C(=O)NC(C(=O)N1CCCC1c1nc(C(=O)c2ccc(F)cc2)cs1)C1CCCCC1,CC(C(=O)NC(C1CCCCC1)C(=O)N2CCCC2C3=NC(=CS3)C(=O)C4=CC=C(C=C4)F)NC,UFPFGVNKHCLJJO-UHFFFAOYSA-N,24737642.0,0,0,0
1558,Lapatinib,lapatinib,CS(=O)(=O)CCNCc1ccc(-c2ccc3ncnc(Nc4ccc(OCc5cccc(F)c5)c(Cl)c4)c3c2)o1,CS(=O)(=O)CCNCC1=CC=C(O1)C2=CC3=C(C=C2)N=CN=C3NC4=CC(=C(C=C4)OCC5=CC(=CC=C5)F)Cl,BCFGMOOMADDAQU-UHFFFAOYSA-N,208908.0,0,0,1
1559,Luminespib,luminespib,CCNC(=O)c1noc(-c2cc(C(C)C)c(O)cc2O)c1-c1ccc(CN2CCOCC2)cc1,CCNC(=O)C1=NOC(=C1C2=CC=C(C=C2)CN3CCOCC3)C4=CC(=C(C=C4O)O)C(C)C,NDAZATDQFDPQBD-UHFFFAOYSA-N,135539077.0,1,0,0
1560,Alpelisib,alpelisib,Cc1nc(NC(=O)N2CCCC2C(N)=O)sc1-c1ccnc(C(C)(C)C(F)(F)F)c1,CC1=C(SC(=N1)NC(=O)N2CCCC2C(=O)N)C3=CC(=NC=C3)C(C)(C)C(F)(F)F,STUWGJZDJHPWGZ-UHFFFAOYSA-N,56649450.0,1,0,1
1561,Taselisib,taselisib,Cc1nc(-c2cn3c(n2)-c2ccc(-c4cnn(C(C)(C)C(N)=O)c4)cc2OCC3)n(C(C)C)n1,CC1=NN(C(=N1)C2=CN3CCOC4=C(C3=N2)C=CC(=C4)C5=CN(N=C5)C(C)(C)C(=O)N)C(C)C,BEUQXVWXFDOSAQ-UHFFFAOYSA-N,51001932.0,1,0,0
1563,EPZ5676,epz5676,CC(C)N(CC1OC(n2cnc3c(N)ncnc32)C(O)C1O)C1CC(CCc2nc3ccc(C(C)(C)C)cc3[nH]2)C1,CC(C)N(CC1C(C(C(O1)N2C=NC3=C(N=CN=C32)N)O)O)C4CC(C4)CCC5=NC6=C(N5)C=C(C=C6)C(C)(C)C,LXFOLMYKSYSZQS-UHFFFAOYSA-N,57345410.0,0,0,0
1564,SCH772984,sch772984,O=C(Nc1ccc2[nH]nc(-c3ccncc3)c2c1)C1CCN(CC(=O)N2CCN(c3ccc(-c4ncccn4)cc3)CC2)C1,C1CN(CC1C(=O)NC2=CC3=C(C=C2)NN=C3C4=CC=NC=C4)CC(=O)N5CCN(CC5)C6=CC=C(C=C6)C7=NC=CC=N7,HDAJDNHIBCDLQF-UHFFFAOYSA-N,24866313.0,0,0,0
1576,IWP-2,iwp 2,Cc1ccc2nc(NC(=O)CSc3nc4c(c(=O)n3-c3ccccc3)SCC4)sc2c1,CC1=CC2=C(C=C1)N=C(S2)NC(=O)CSC3=NC4=C(C(=O)N3C5=CC=CC=C5)SCC4,WRKPZSMRWPJJDH-UHFFFAOYSA-N,2155128.0,0,0,0
1578,Leflunomide,leflunomide,Cc1oncc1C(=O)Nc1ccc(C(F)(F)F)cc1,CC1=C(C=NO1)C(=O)NC2=CC=C(C=C2)C(F)(F)F,VHOGYURTWQBHIL-UHFFFAOYSA-N,3899.0,1,0,1
1580,GSK2801,gsk2801,CCCOc1ccn2c(C(C)=O)cc(-c3ccccc3S(C)(=O)=O)c2c1,CCCOC1=CC2=C(C=C(N2C=C1)C(=O)C)C3=CC=CC=C3S(=O)(=O)C,KHWCPNJRJCNVRI-UHFFFAOYSA-N,73010930.0,0,0,0
1581,Bromosporine,bromosporine,CCOC(=O)Nc1cc(-c2ccc(C)c(NS(C)(=O)=O)c2)nn2c(C)nnc12,CCOC(=O)NC1=CC(=NN2C1=NN=C2C)C3=CC(=C(C=C3)C)NS(=O)(=O)C,UYBRROMMFMPJAN-UHFFFAOYSA-N,72943187.0,0,0,0
1582,SGC-CBP30,sgc cbp30,COc1ccc(CCc2nc3cc(-c4c(C)noc4C)ccc3n2CC(C)N2CCOCC2)cc1Cl,CC1=C(C(=NO1)C)C2=CC3=C(C=C2)N(C(=N3)CCC4=CC(=C(C=C4)OC)Cl)CC(C)N5CCOCC5,GEPYBHCJBORHCE-UHFFFAOYSA-N,72201027.0,0,0,0
1583,GSK-LSD1,gsk lsd1,c1ccc(C2CC2NC2CCNCC2)cc1,C1CNCCC1NC2CC2C3=CC=CC=C3,BASFYRLYJAZPPL-UHFFFAOYSA-N,71522234.0,0,0,0
1593,Entinostat,entinostat,Nc1ccccc1NC(=O)c1ccc(CNC(=O)OCc2cccnc2)cc1,C1=CC=C(C(=C1)N)NC(=O)C2=CC=C(C=C2)CNC(=O)OCC3=CN=CC=C3,INVTYAOGFAGBOE-UHFFFAOYSA-N,4261.0,1,0,0
1594,OSI-027,osi 027,COc1cccc2cc(-c3nc(C4CCC(C(=O)O)CC4)n4ncnc(N)c34)[nH]c12,COC1=CC=CC2=C1NC(=C2)C3=C4C(=NC=NN4C(=N3)C5CCC(CC5)C(=O)O)N,JROFGZPOBKIAEW-UHFFFAOYSA-N,135398516.0,1,0,0
1598,LGK974,lgk974,Cc1cc(-c2ncc(CC(=O)Nc3ccc(-c4cnccn4)cn3)cc2C)ccn1,CC1=CC(=CN=C1C2=CC(=NC=C2)C)CC(=O)NC3=NC=C(C=C3)C4=NC=CN=C4,XXYGTCZJJLTAGH-UHFFFAOYSA-N,46926973.0,1,0,0
1613,VE-822,ve 822,CNCc1ccc(-c2cc(-c3nc(-c4ccc(S(=O)(=O)C(C)C)cc4)cnc3N)on2)cc1,CC(C)S(=O)(=O)C1=CC=C(C=C1)C2=CN=C(C(=N2)C3=CC(=NO3)C4=CC=C(C=C4)CNC)N,JZCWLJDSIRUGIN-UHFFFAOYSA-N,59472121.0,1,0,0
1614,WZ4003,wz4003,CCC(=O)Nc1cccc(Oc2nc(Nc3ccc(N4CCN(C)CC4)cc3OC)ncc2Cl)c1,CCC(=O)NC1=CC(=CC=C1)OC2=NC(=NC=C2Cl)NC3=C(C=C(C=C3)N4CCN(CC4)C)OC,SDGJBAUIGHSMRI-UHFFFAOYSA-N,72200024.0,0,0,0
1615,CZC24832,czc24832,CC(C)(C)NS(=O)(=O)c1cncc(-c2cc(F)c3nc(N)nn3c2)c1,CC(C)(C)NS(=O)(=O)C1=CN=CC(=C1)C2=CN3C(=NC(=N3)N)C(=C2)F,RXRZPHQBTHQXSV-UHFFFAOYSA-N,42623951.0,0,0,0
1617,AZD5582,azd5582,CNC(C)C(=O)NC(C(=O)N1CCCC1C(=O)NC1c2ccccc2CC1OCC#CC#CCOC1Cc2ccccc2C1NC(=O)C1CCCN1C(=O)C(NC(=O)C(C)NC)C1CCCCC1)C1CCCCC1,CC(C(=O)NC(C1CCCCC1)C(=O)N2CCCC2C(=O)NC3C(CC4=CC=CC=C34)OCC#CC#CCOC5CC6=CC=CC=C6C5NC(=O)C7CCCN7C(=O)C(C8CCCCC8)NC(=O)C(C)NC)NC,WLMCRYCCYXHPQF-UHFFFAOYSA-N,49847690.0,0,0,0
1618,GSK2606414,gsk2606414,Cn1cc(-c2ccc3c(c2)CCN3C(=O)Cc2cccc(C(F)(F)F)c2)c2c(N)ncnc21,CN1C=C(C2=C(N=CN=C21)N)C3=CC4=C(C=C3)N(CC4)C(=O)CC5=CC(=CC=C5)C(F)(F)F,SIXVRXARNAVBTC-UHFFFAOYSA-N,53469448.0,0,0,0
1620,PFI3,pfi3,O=C(C=CN1CC2CC1CN2c1ccccn1)c1ccccc1O,C1C2CN(C1CN2C3=CC=CC=N3)C=CC(=O)C4=CC=CC=C4O,INAICWLVUAKEPB-UHFFFAOYSA-N,78243717.0,0,0,0
1621,PCI-34051,pci 34051,COc1ccc(Cn2ccc3ccc(C(=O)NO)cc32)cc1,COC1=CC=C(C=C1)CN2C=CC3=C2C=C(C=C3)C(=O)NO,AJRGHIGYPXNABY-UHFFFAOYSA-N,24753719.0,0,0,0
1622,Wnt-C59,wnt c59,Cc1cc(-c2ccc(CC(=O)Nc3ccc(-c4cccnc4)cc3)cc2)ccn1,CC1=NC=CC(=C1)C2=CC=C(C=C2)CC(=O)NC3=CC=C(C=C3)C4=CN=CC=C4,KHZOJCQBHJUJFY-UHFFFAOYSA-N,57519544.0,0,0,0
1624,I-BET-762,i bet 762,CCNC(=O)CC1N=C(c2ccc(Cl)cc2)c2cc(OC)ccc2-n2c(C)nnc21,CCNC(=O)CC1C2=NN=C(N2C3=C(C=C(C=C3)OC)C(=N1)C4=CC=C(C=C4)Cl)C,AAAQFGUYHFJNHI-UHFFFAOYSA-N,46943432.0,0,0,0
1625,RVX-208,rvx 208,COc1cc(OC)c2c(=O)[nH]c(-c3cc(C)c(OCCO)c(C)c3)nc2c1,CC1=CC(=CC(=C1OCCO)C)C2=NC3=C(C(=CC(=C3)OC)OC)C(=O)N2,NETXMUIMUZJUTB-UHFFFAOYSA-N,135564749.0,1,0,0
1626,OTX015,otx015,Cc1sc2c(c1C)C(c1ccc(Cl)cc1)=NC(CC(=O)Nc1ccc(O)cc1)c1nnc(C)n1-2,CC1=C(SC2=C1C(=NC(C3=NN=C(N32)C)CC(=O)NC4=CC=C(C=C4)O)C5=CC=C(C=C5)Cl)C,GNMUEVRJHCWKTO-UHFFFAOYSA-N,9936746.0,0,0,0
1627,GSK343,gsk343,CCCc1cc(C)[nH]c(=O)c1CNC(=O)c1cc(-c2ccnc(N3CCN(C)CC3)c2)cc2c1cnn2C(C)C,CCCC1=C(C(=O)NC(=C1)C)CNC(=O)C2=C3C=NN(C3=CC(=C2)C4=CC(=NC=C4)N5CCN(CC5)C)C(C)C,ULNXAWLQFZMIHX-UHFFFAOYSA-N,71268957.0,0,0,0
1629,ML323,ml323,Cc1cnc(-c2ccccc2C(C)C)nc1NCc1ccc(-n2ccnn2)cc1,CC1=CN=C(N=C1NCC2=CC=C(C=C2)N3C=CN=N3)C4=CC=CC=C4C(C)C,VUIRVWPJNKZOSS-UHFFFAOYSA-N,60167849.0,0,0,0
1630,Entospletinib,entospletinib,c1cn2cc(-c3ccc4cn[nH]c4c3)nc(Nc3ccc(N4CCOCC4)cc3)c2n1,C1COCCN1C2=CC=C(C=C2)NC3=NC(=CN4C3=NC=C4)C5=CC6=C(C=C5)C=NN6,XSMSNFMDVXXHGJ-UHFFFAOYSA-N,59473233.0,1,0,0
1631,PRT062607,prt062607,NC(=O)c1cnc(NC2CCCCC2N)nc1Nc1cccc(-n2nccn2)c1,C1CCC(C(C1)N)NC2=NC=C(C(=N2)NC3=CC(=CC=C3)N4N=CC=N4)C(=O)N,TXGKRVFSSHPBAJ-UHFFFAOYSA-N,44462758.0,0,0,0
1632,Ribociclib,ribociclib,CN(C)C(=O)c1cc2cnc(Nc3ccc(N4CCNCC4)cn3)nc2n1C1CCCC1,CN(C)C(=O)C1=CC2=CN=C(N=C2N1C3CCCC3)NC4=NC=C(C=C4)N5CCNCC5,RHXHGRAEPCAFML-UHFFFAOYSA-N,44631912.0,1,0,1
1634,AGI-6780,agi 6780,O=C(Nc1cccc(C(F)(F)F)c1)Nc1cc(S(=O)(=O)NC2CC2)ccc1-c1ccsc1,C1CC1NS(=O)(=O)C2=CC(=C(C=C2)C3=CSC=C3)NC(=O)NC4=CC=CC(=C4)C(F)(F)F,CCAWRGNYALGPQH-UHFFFAOYSA-N,71299339.0,0,0,0
1635,Picolinici-acid,picolinici acid,O=C([O-])c1ccccn1,C1=CC=NC(=C1)C(=O)[O-],SIOXPEMLGUPBBT-UHFFFAOYSA-M,6920223.0,0,0,0
1706,AZD5153,azd5153,COc1nnc2ccc(N3CCC(c4ccc(OCCN5CCN(C)C(=O)C5C)cc4)CC3)nn12,CC1C(=O)N(CCN1CCOC2=CC=C(C=C2)C3CCN(CC3)C4=NN5C(=NN=C5OC)C=C4)C,RSMYFSPOTCDHHJ-UHFFFAOYSA-N,118693659.0,0,0,0
1712,Eg5_9814,eg5 9814,CC(=O)NC(Cc1ccccc1Cl)C(=O)N1CCCC12C=CC1CCC(C(=O)N3CCC4C=CC5CCC(C(=O)O)N5C(=O)C43)N1C2=O,CC(=O)NC(CC1=CC=CC=C1Cl)C(=O)N2CCCC23C=CC4CCC(N4C3=O)C(=O)N5CCC6C5C(=O)N7C(CCC7C(=O)O)C=C6,AYDUPBNKBXOHLZ-UHFFFAOYSA-N,132472242.0,0,0,0
1713,ERK_2440,erk 2440,CC(C)Nc1cc(-c2c[nH]c(C(=O)N[C@H](CO)c3cccc(Cl)c3)c2)c(Cl)cn1,CC(C)Nc1cc(-c2c[nH]c(C(=O)N[C@H](CO)c3cccc(Cl)c3)c2)c(Cl)cn1,KSERXGMCDHOLSS-LJQANCHMSA-N,3590106.0,1,0,1
1720,AZD5991,azd5991,Cc1c2c(nn1C)CSCc1cc(n(C)n1)CSc1cc(c3ccccc3c1)OCCCc1c(C(=O)O)n(C)c3c-2c(Cl)ccc13,CC1=C2C(=NN1C)CSCC3=NN(C(=C3)CSC4=CC5=CC=CC=C5C(=C4)OCCCC6=C(N(C7=C6C=CC(=C27)Cl)C)C(=O)O)C,KBQCEQAXHPIRTF-UHFFFAOYSA-N,131634760.0,0,0,0
1730,PAK_5339,pak 5339,CC(NC(=O)C1CCCN1)C(=O)NC(CCCCN)C(=O)O,CC(C(=O)NC(CCCCN)C(=O)O)NC(=O)C1CCCN1,FYQSMXKJYTZYRP-UHFFFAOYSA-N,18223429.0,0,0,0
1739,JAK_8517,jak 8517,Cc1nc2cnc3[nH]ccc3c2n1C1CCNCC1,CC1=NC2=CN=C3C(=C2N1C4CCNCC4)C=CN3,XTQACRIFOIASKV-UHFFFAOYSA-N,57339437.0,0,0,0
1778,GSK2110183B,gsk2110183b,Cl.Cn1ncc(Cl)c1-c1cc(C(=O)NC(CN)Cc2cccc(F)c2)sc1Cl,CN1C(=C(C=N1)Cl)C2=C(SC(=C2)C(=O)NC(CC3=CC(=CC=C3)F)CN)Cl.Cl,YFQJOPFTGMHYNV-UHFFFAOYSA-N,46843056.0,1,0,0
1786,AZD4547,azd4547,COc1cc(CCc2cc(NC(=O)c3ccc(N4CC(C)NC(C)C4)cc3)n[nH]2)cc(OC)c1,CC1CN(CC(N1)C)C2=CC=C(C=C2)C(=O)NC3=NNC(=C3)CCC4=CC(=CC(=C4)OC)OC,VRQMAABPASPXMW-UHFFFAOYSA-N,51039095.0,0,0,0
1799,Ibrutinib,ibrutinib,C=CC(=O)N1CCCC(n2nc(-c3ccc(Oc4ccccc4)cc3)c3c(N)ncnc32)C1,C=CC(=O)N1CCCC(C1)N2C3=NC=NC(=C3C(=N2)C4=CC=C(C=C4)OC5=CC=CC=C5)N,XYFPWWZEPKGCCK-UHFFFAOYSA-N,24821094.0,1,0,1
1802,Zoledronate,zoledronate,O=P(O)(O)C(O)(Cn1ccnc1)P(=O)(O)O,C1=CN(C=N1)CC(O)(P(=O)(O)O)P(=O)(O)O,XRASPMIURGNCCH-UHFFFAOYSA-N,68740.0,1,0,1
1803,Acetalax,acetalax,CC(=O)Oc1ccc(C2(c3ccc(OC(C)=O)cc3)C(=O)Nc3ccccc32)cc1,CC(=O)OC1=CC=C(C=C1)C2(C3=CC=CC=C3NC2=O)C4=CC=C(C=C4)OC(=O)C,PHPUXYRXPHEJDF-UHFFFAOYSA-N,8269.0,1,0,1
1808,Topotecan,topotecan,CCC1(O)C(=O)OCc2c1cc1n(c2=O)Cc2cc3c(CN(C)C)c(O)ccc3nc2-1,CCC1(C2=C(COC1=O)C(=O)N3CC4=CC5=C(C=CC(=C5CN(C)C)O)N=C4C3=C2)O,UCFGDBYHRUNTLO-UHFFFAOYSA-N,60700.0,1,0,1
1809,Teniposide,teniposide,COc1cc(C2c3cc4c(cc3C(OC3OC5COC(c6cccs6)OC5C(O)C3O)C3COC(=O)C23)OCO4)cc(OC)c1O,COC1=CC(=CC(=C1O)OC)C2C3C(COC3=O)C(C4=CC5=C(C=C24)OCO5)OC6C(C(C7C(O6)COC(O7)C8=CC=CS8)O)O,NRUKOCRGYNPUPR-UHFFFAOYSA-N,452548.0,1,0,1
1810,Mitoxantrone,mitoxantrone,O=C1c2c(O)ccc(O)c2C(=O)c2c(NCCNCCO)ccc(NCCNCCO)c21,C1=CC(=C2C(=C1NCCNCCO)C(=O)C3=C(C=CC(=C3C2=O)O)O)NCCNCCO,KKZJGLLVHKMTCM-UHFFFAOYSA-N,4212.0,1,0,1
1811,Dactinomycin,dactinomycin,Cc1c2oc3c(C)ccc(C(=O)NC4C(=O)NC(C(C)C)C(=O)N5CCCC5C(=O)N(C)CC(=O)N(C)C(C(C)C)C(=O)OC4C)c3nc-2c(C(=O)NC2C(=O)NC(C(C)C)C(=O)N3CCCC3C(=O)N(C)CC(=O)N(C)C(C(C)C)C(=O)OC2C)c(N)c1=O,CC1C(C(=O)NC(C(=O)N2CCCC2C(=O)N(CC(=O)N(C(C(=O)O1)C(C)C)C)C)C(C)C)NC(=O)C3=C4C(=C(C=C3)C)OC5=C(C(=O)C(=C(C5=N4)C(=O)NC6C(OC(=O)C(N(C(=O)CN(C(=O)C7CCCN7C(=O)C(NC6=O)C(C)C)C)C)C(C)C)C)N)C,RJURFGZVJUQBHK-UHFFFAOYSA-N,457193.0,1,0,1
1813,Fludarabine,fludarabine,Nc1nc(F)nc2c1ncn2C1OC(CO)C(O)C1O,C1=NC2=C(N=C(N=C2N1C3C(C(C(O3)CO)O)O)F)N,HBUBKKRHXORPQB-UHFFFAOYSA-N,657237.0,1,0,1
1814,Nelarabine,nelarabine,COc1nc(N)nc2c1ncn2C1OC(CO)C(O)C1O,COC1=NC(=NC2=C1N=CN2C3C(C(C(O3)CO)O)O)N,IXOXBSCIXZEQEQ-UHFFFAOYSA-N,3011155.0,1,0,1
1815,Dacarbazine,dacarbazine,CN(C)N=Nc1nc[nH]c1C(N)=O,CN(C)N=NC1=C(NC=N1)C(=O)N,FDKXTQMXEQVLRF-UHFFFAOYSA-N,135398738.0,1,0,1
1817,Romidepsin,romidepsin,CC=C1NC(=O)C2CSSCCC=CC(CC(=O)NC(C(C)C)C(=O)N2)OC(=O)C(C(C)C)NC1=O,CC=C1C(=O)NC(C(=O)OC2CC(=O)NC(C(=O)NC(CSSCCC=C2)C(=O)N1)C(C)C)C(C)C,OHRURASPPZQGQM-UHFFFAOYSA-N,5352062.0,1,0,1
1825,Podophyllotoxin bromide,podophyllotoxin bromide,COc1cc(C2c3cc4c(cc3C(Br)C3COC(=O)C23)OCO4)cc(OC)c1OC,COC1=CC(=CC(=C1OC)OC)C2C3C(COC3=O)C(C4=CC5=C(C=C24)OCO5)Br,VNDCSULMOTZMNT-UHFFFAOYSA-N,234820.0,0,0,0
1827,Dihydrorotenone,dihydrorotenone,COc1cc2c(cc1OC)C1C(=O)c3ccc4c(c3OC1CO2)CC(C(C)C)O4,CC(C)C1CC2=C(O1)C=CC3=C2OC4COC5=CC(=C(C=C5C4C3=O)OC)OC,DTFARBHXORYQBF-UHFFFAOYSA-N,243725.0,0,0,0
1830,Gallibiscoquinazole,gallibiscoquinazole,COC(=O)NC1(NC(=O)OC)NC(=O)c2cc(OC)c(OC)c(OC)c2N1,COC1=C(C(=C2C(=C1)C(=O)NC(N2)(NC(=O)OC)NC(=O)OC)OC)OC,LZHVHZJESCMXKN-UHFFFAOYSA-N,353472.0,0,0,0
1831,L-Oxonoreleagnine,l oxonoreleagnine,O=C1NCCc2c1[nH]c1ccccc21,C1CNC(=O)C2=C1C3=CC=CC=C3N2,FZHZQHNKCPJTNQ-UHFFFAOYSA-N,87371.0,0,0,0
1835,Elephantin,elephantin,C=C1C(=O)OC2C1C(OC(=O)C=C(C)C)CC1=CC(CC3(C)OC23)OC1=O,CC(=CC(=O)OC1CC2=CC(CC3(C(O3)C4C1C(=C)C(=O)O4)C)OC2=O)C,HSTUUCOYVIWGLJ-UHFFFAOYSA-N,442205.0,0,0,0
1838,Sinularin,sinularin,C=C1C(=O)OC2CC1CCC1(C)OC1CCC(C)=CCCC2(C)O,CC1=CCCC(C2CC(CCC3(C(O3)CC1)C)C(=C)C(=O)O2)(C)O,YKKJETNBRNDYKN-UHFFFAOYSA-N,5458571.0,0,0,0
1843,LMP744,lmp744,COc1cc2c3c(n(CCCNCCO)c(=O)c2cc1OC)-c1cc2c(cc1C3=O)OCO2,COC1=C(C=C2C(=C1)C3=C(C4=CC5=C(C=C4C3=O)OCO5)N(C2=O)CCCNCCO)OC,QCSDJDQOJBQTDV-UHFFFAOYSA-N,397888.0,0,0,0
1845,Schweinfurthin A,schweinfurthin a,CC(C)=CCCC(C)=CCc1c(O)cc(C=Cc2cc(O)c3c(c2)CC2C(C)(CC(O)C(O)C2(C)C)O3)cc1O,CC(=CCCC(=CCC1=C(C=C(C=C1O)C=CC2=CC3=C(C(=C2)O)OC4(CC(C(C(C4C3)(C)C)O)O)C)O)C)C,HSDZWMOBUPRZEU-UHFFFAOYSA-N,643462.0,0,0,0
1847,BEN,ben,N=C(N)c1ccccc1,C1=CC=C(C=C1)C(=N)N,PXXJHWLDUBFPOL-UHFFFAOYSA-N,2332.0,0,0,1
1849,Sabutoclax,sabutoclax,Cc1cc2c(C(=O)NCC(C)c3ccccc3)c(O)c(O)cc2c(O)c1-c1c(C)cc2c(C(=O)NCC(C)c3ccccc3)c(O)c(O)cc2c1O,CC1=CC2=C(C(=C(C=C2C(=C1C3=C(C4=CC(=C(C(=C4C=C3C)C(=O)NCC(C)C5=CC=CC=C5)O)O)O)O)O)O)C(=O)NCC(C)C6=CC=CC=C6,RAYNZUHYMMLQQA-UHFFFAOYSA-N,46236925.0,0,0,0
1852,LY2109761,ly2109761,c1ccc(-c2nn3c(c2-c2ccnc4cc(OCCN5CCOCC5)ccc24)CCC3)nc1,C1CC2=C(C(=NN2C1)C3=CC=CC=N3)C4=C5C=CC(=CC5=NC=C4)OCCN6CCOCC6,IHLVSLOZUHKNMQ-UHFFFAOYSA-N,11655119.0,0,0,0
1853,OF-1,of 1,COc1cc2c(cc1NS(=O)(=O)c1ccc(Br)cc1C)n(C)c(=O)n2C,CC1=C(C=CC(=C1)Br)S(=O)(=O)NC2=CC3=C(C=C2OC)N(C(=O)N3C)C,YUNQZQREIHWDQT-UHFFFAOYSA-N,35397514.0,0,0,0
1854,MN-64,mn 64,CC(C)c1ccc(-c2cc(=O)c3ccccc3o2)cc1,CC(C)C1=CC=C(C=C1)C2=CC(=O)C3=CC=CC=C3O2,PYTOHIUBXSJKQH-UHFFFAOYSA-N,2802462.0,0,0,0
1855,KRAS (G12C) Inhibitor-12,kras g12c inhibitor 12,C=CC(=O)N1CCN(c2snc3c(F)c(-c4nc(N)ccc4Cl)c(Cl)cc23)CC1,C=CC(=O)N1CCN(CC1)C2=C3C=C(C(=C(C3=NS2)F)C4=C(C=CC(=N4)N)Cl)Cl,MOIGORLHBXDEMI-UHFFFAOYSA-N,135148916.0,0,0,0
1862,MG-132,mg 132,CC(C)CC(C=O)NC(=O)C(CC(C)C)NC(=O)C(CC(C)C)NC(=O)OCc1ccccc1,CC(C)CC(C=O)NC(=O)C(CC(C)C)NC(=O)C(CC(C)C)NC(=O)OCC1=CC=CC=C1,TZYWCYJVHRLUCT-UHFFFAOYSA-N,462382.0,0,0,0
1873,Buparlisib,buparlisib,Nc1cc(C(F)(F)F)c(-c2cc(N3CCOCC3)nc(N3CCOCC3)n2)cn1,C1COCCN1C2=NC(=NC(=C2)C3=CN=C(C=C3C(F)(F)F)N)N4CCOCC4,CWHUFRVAEUJCEF-UHFFFAOYSA-N,16654980.0,1,0,0
1908,Ulixertinib,ulixertinib,CC(C)Nc1cc(-c2c[nH]c(C(=O)NC(CO)c3cccc(Cl)c3)c2)c(Cl)cn1,CC(C)NC1=NC=C(C(=C1)C2=CNC(=C2)C(=O)NC(CO)C3=CC(=CC=C3)Cl)Cl,KSERXGMCDHOLSS-UHFFFAOYSA-N,11719003.0,0,0,0
1909,Venetoclax,venetoclax,CC1(C)CCC(CN2CCN(c3ccc(C(=O)NS(=O)(=O)c4ccc(NCC5CCOCC5)c([N+](=O)[O-])c4)c(Oc4cnc5[nH]ccc5c4)c3)CC2)=C(c2ccc(Cl)cc2)C1,CC1(CCC(=C(C1)C2=CC=C(C=C2)Cl)CN3CCN(CC3)C4=CC(=C(C=C4)C(=O)NS(=O)(=O)C5=CC(=C(C=C5)NCC6CCOCC6)[N+](=O)[O-])OC7=CN=C8C(=C7)C=CN8)C,LQBVNQSMGBZMKD-UHFFFAOYSA-N,49846579.0,1,0,1
1910,ABT737,abt737,CN(C)CCC(CSc1ccccc1)Nc1ccc(S(=O)(=O)NC(=O)c2ccc(N3CCN(Cc4ccccc4-c4ccc(Cl)cc4)CC3)cc2)cc1[N+](=O)[O-],CN(C)CCC(CSC1=CC=CC=C1)NC2=C(C=C(C=C2)S(=O)(=O)NC(=O)C3=CC=C(C=C3)N4CCN(CC4)CC5=CC=CC=C5C6=CC=C(C=C6)Cl)[N+](=O)[O-],HPLNQCPCUACXLM-UHFFFAOYSA-N,11228183.0,0,0,0
1912,Afuresertib,afuresertib,Cn1ncc(Cl)c1-c1cc(C(=O)NC(CN)Cc2cccc(F)c2)sc1Cl,CN1C(=C(C=N1)Cl)C2=C(SC(=C2)C(=O)NC(CC3=CC(=CC=C3)F)CN)Cl,AFJRDFWMXUECEW-UHFFFAOYSA-N,46843057.0,0,0,0
1913,AGI-5198,agi 5198,Cc1ccccc1C(C(=O)NC1CCCCC1)N(C(=O)Cn1ccnc1C)c1cccc(F)c1,CC1=CC=CC=C1C(C(=O)NC2CCCCC2)N(C3=CC(=CC=C3)F)C(=O)CN4C=CN=C4C,FNYGWXSATBUBER-UHFFFAOYSA-N,56645356.0,0,0,0
1915,AZD3759,azd3759,COc1cc2ncnc(Nc3cccc(Cl)c3F)c2cc1OC(=O)N1CCN(C)CC1C,CC1CN(CCN1C(=O)OC2=C(C=C3C(=C2)C(=NC=N3)NC4=C(C(=CC=C4)Cl)F)OC)C,MXDSJQHFFDGFDK-UHFFFAOYSA-N,78209992.0,0,0,0
1916,AZD5363,azd5363,NC1(C(=O)NC(CCO)c2ccc(Cl)cc2)CCN(c2ncnc3[nH]ccc23)CC1,C1CN(CCC1(C(=O)NC(CCO)C2=CC=C(C=C2)Cl)N)C3=NC=NC4=C3C=CN4,JDUBGYFRJFOXQC-UHFFFAOYSA-N,25227436.0,1,0,0
1917,AZD6738,azd6738,CC1COCCN1c1cc(C2(S(C)(=N)=O)CC2)nc(-c2cncc3[nH]ccc23)n1,CC1COCCN1C2=NC(=NC(=C2)C3(CC3)S(=N)(=O)C)C4=CN=CC5=C4C=CN5,DTTJKLNXNZAVSM-UHFFFAOYSA-N,121596701.0,1,0,0
1918,AZD8186,azd8186,CC(Nc1cc(F)cc(F)c1)c1cc(C(=O)N(C)C)cc2c(=O)cc(N3CCOCC3)oc12,CC(C1=CC(=CC2=C1OC(=CC2=O)N3CCOCC3)C(=O)N(C)C)NC4=CC(=CC(=C4)F)F,LMJFJIDLEAWOQJ-UHFFFAOYSA-N,52913813.0,1,0,0
1919,Osimertinib,osimertinib,C=CC(=O)Nc1cc(Nc2nccc(-c3cn(C)c4ccccc34)n2)c(OC)cc1N(C)CCN(C)C,CN1C=C(C2=CC=CC=C21)C3=NC(=NC=C3)NC4=C(C=C(C(=C4)NC(=O)C=C)N(C)CCN(C)C)OC,DUYJMQONPNNFPI-UHFFFAOYSA-N,71496458.0,1,0,1
1922,Cediranib,cediranib,COc1cc2c(Oc3ccc4[nH]c(C)cc4c3F)ncnc2cc1OCCCN1CCCC1,CC1=CC2=C(N1)C=CC(=C2F)OC3=NC=NC4=CC(=C(C=C43)OC)OCCCN5CCCC5,XXJWYDDUDKYVKI-UHFFFAOYSA-N,9933475.0,1,0,1
1924,Ipatasertib,ipatasertib,CC(C)NCC(C(=O)N1CCN(c2ncnc3c2C(C)CC3O)CC1)c1ccc(Cl)cc1,CC1CC(C2=C1C(=NC=N2)N3CCN(CC3)C(=O)C(CNC(C)C)C4=CC=C(C=C4)Cl)O,GRZXWCHAXNAUHY-UHFFFAOYSA-N,24788740.0,1,0,0
1925,GDC0810,gdc0810,CCC(=C(c1ccc(C=CC(=O)O)cc1)c1ccc2[nH]ncc2c1)c1ccc(F)cc1Cl,CCC(=C(C1=CC=C(C=C1)C=CC(=O)O)C2=CC3=C(C=C2)NN=C3)C4=C(C=C(C=C4)F)Cl,BURHGPHDEVGCEZ-UHFFFAOYSA-N,56941241.0,1,0,0
1926,GNE-317,gne 317,COC1(c2sc3c(N4CCOCC4)nc(-c4cnc(N)nc4)nc3c2C)COC1,CC1=C(SC2=C1N=C(N=C2N3CCOCC3)C4=CN=C(N=C4)N)C5(COC5)OC,XOZLHJMDLKDZAL-UHFFFAOYSA-N,70676303.0,0,0,0
1927,GSK2578215A,gsk2578215a,O=C(Nc1cccnc1)c1cc(-c2ccnc(F)c2)ccc1OCc1ccccc1,C1=CC=C(C=C1)COC2=C(C=C(C=C2)C3=CC(=NC=C3)F)C(=O)NC4=CN=CC=C4,WCIGMFCFPXZRMQ-UHFFFAOYSA-N,68107965.0,0,0,0
1928,I-BRD9,i brd9,CCn1cc(-c2cccc(C(F)(F)F)c2)c2sc(C(N)=NC3CCS(=O)(=O)CC3)cc2c1=O,CCN1C=C(C2=C(C1=O)C=C(S2)C(=NC3CCS(=O)(=O)CC3)N)C4=CC(=CC=C4)C(F)(F)F,WRUWGLUCNBMGPS-UHFFFAOYSA-N,91668541.0,0,0,0
1930,Telomerase Inhibitor IX,telomerase inhibitor ix,O=C(Nc1cccc(NC(=O)c2cccc(O)c2O)c1)c1cccc(O)c1O,C1=CC(=CC(=C1)NC(=O)C2=C(C(=CC=C2)O)O)NC(=O)C3=C(C(=CC=C3)O)O,MIQUEZGHEJGPJB-UHFFFAOYSA-N,10385095.0,0,0,0
1931,MIRA-1,mira 1,CCC(=O)OCN1C(=O)C=CC1=O,CCC(=O)OCN1C(=O)C=CC1=O,YXEWPGYLMHXLPS-UHFFFAOYSA-N,227681.0,0,0,0
1932,NVP-ADW742,nvp adw742,Nc1ncnc2c1c(-c1cccc(OCc3ccccc3)c1)cn2C1CC(CN2CCCC2)C1,C1CCN(C1)CC2CC(C2)N3C=C(C4=C(N=CN=C43)N)C5=CC(=CC=C5)OCC6=CC=CC=C6,LSFLAQVDISHMNB-UHFFFAOYSA-N,9825149.0,0,0,0
1933,P22077,p22077,CC(=O)c1cc([N+](=O)[O-])c(Sc2ccc(F)cc2F)s1,CC(=O)C1=CC(=C(S1)SC2=C(C=C(C=C2)F)F)[N+](=O)[O-],RMAMGGNACJHXHO-UHFFFAOYSA-N,46931953.0,0,0,0
1936,Savolitinib,savolitinib,CC(c1ccc2nccn2c1)n1nnc2ncc(-c3cnn(C)c3)nc21,CC(C1=CN2C=CN=C2C=C1)N3C4=NC(=CN=C4N=N3)C5=CN(N=C5)C,XYDNMOZJKOGZLS-UHFFFAOYSA-N,68289010.0,1,0,0
1939,UMI-77,umi 77,O=C(O)CSc1cc(NS(=O)(=O)c2ccc(Br)cc2)c2ccccc2c1O,C1=CC=C2C(=C1)C(=CC(=C2O)SCC(=O)O)NS(=O)(=O)C3=CC=C(C=C3)Br,WUGANDSUVKXMEC-UHFFFAOYSA-N,992586.0,0,0,0
1940,WIKI4,wiki4,COc1ccc(-n2c(SCCCN3C(=O)c4cccc5cccc(c45)C3=O)nnc2-c2ccncc2)cc1,COC1=CC=C(C=C1)N2C(=NN=C2SCCCN3C(=O)C4=CC=CC5=C4C(=CC=C5)C3=O)C6=CC=NC=C6,RNUXIZKXJOGYQP-UHFFFAOYSA-N,2984337.0,0,0,0
1941,Sepantronium bromide,sepantronium bromide,COCCn1c2c([n+](Cc3cnccn3)c1C)C(=O)c1ccccc1C2=O.[Br-],CC1=[N+](C2=C(N1CCOC)C(=O)C3=CC=CC=C3C2=O)CC4=NC=CN=C4.[Br-],QBIYUDDJPRGKNJ-UHFFFAOYSA-M,11178236.0,0,0,0
1996,MIM1,mim1,Cc1csc(=NC2CCCCC2)n1N=Cc1ccc(O)c(O)c1O,CC1=CSC(=NC2CCCCC2)N1N=CC3=C(C(=C(C=C3)O)O)O,RGGFUBMUOVFZEF-UHFFFAOYSA-N,135691163.0,0,0,0
1997,WEHI-539,wehi 539,NCc1ccc(OCCCc2sc(-c3ccc4c(c3)C(=NNc3nc5ccccc5s3)CCC4)nc2C(=O)O)cc1,C1CC2=C(C=C(C=C2)C3=NC(=C(S3)CCCOC4=CC=C(C=C4)CN)C(=O)O)C(=NNC5=NC6=CC=CC=C6S5)C1,JKMWZKPAXZBYEH-UHFFFAOYSA-N,71297207.0,0,0,0
2010,HKMTI-1-005,hkmti 1 005,COc1cc2nc(N3CCN(C)CC3)nc(NC3CCN(Cc4ccccc4)CC3)c2cc1OC,CN1CCN(CC1)C2=NC3=CC(=C(C=C3C(=N2)NC4CCN(CC4)CC5=CC=CC=C5)OC)OC,LDFAJFPHFKEJOI-UHFFFAOYSA-N,53315436.0,0,0,0
2011,ICL-SIRT078,icl sirt078,COc1ccc2ccccc2c1Cn1cnc2sc3c(c2c1=O)CCC(NCc1cccnc1)C3,COC1=C(C2=CC=CC=C2C=C1)CN3C=NC4=C(C3=O)C5=C(S4)CC(CC5)NCC6=CN=CC=C6,UEJBOCXPGHSONP-UHFFFAOYSA-N,45168044.0,0,0,0
2038,UNC0638,unc0638,COc1cc2c(NC3CCN(C(C)C)CC3)nc(C3CCCCC3)nc2cc1OCCCN1CCCC1,CC(C)N1CCC(CC1)NC2=NC(=NC3=CC(=C(C=C32)OC)OCCCN4CCCC4)C5CCCCC5,QOECJCJVIMVJGX-UHFFFAOYSA-N,46224516.0,0,0,0
2039,AGK2,agk2,N#CC(=Cc1ccc(-c2cc(Cl)ccc2Cl)o1)C(=O)Nc1cccc2ncccc12,C1=CC2=C(C=CC=N2)C(=C1)NC(=O)C(=CC3=CC=C(O3)C4=C(C=CC(=C4)Cl)Cl)C#N,SVENPFFEMUOOGK-UHFFFAOYSA-N,2130404.0,0,0,0
2040,Foretinib,foretinib,COc1cc2c(Oc3ccc(NC(=O)C4(C(=O)Nc5ccc(F)cc5)CC4)cc3F)ccnc2cc1OCCCN1CCOCC1,COC1=CC2=C(C=CN=C2C=C1OCCCN3CCOCC3)OC4=C(C=C(C=C4)NC(=O)C5(CC5)C(=O)NC6=CC=C(C=C6)F)F,CXQHYVUVSFXTMY-UHFFFAOYSA-N,42642645.0,1,0,1
2043,BIBR-1532,bibr 1532,CC(=CC(=O)Nc1ccccc1C(=O)O)c1ccc2ccccc2c1,CC(=CC(=O)NC1=CC=CC=C1C(=O)O)C2=CC3=CC=CC=C3C=C2,PGFQXGLPJUCTOI-UHFFFAOYSA-N,9927531.0,0,0,0
2044,Pyridostatin,pyridostatin,NCCOc1cc(C(=O)Nc2cc(OCCN)c3ccccc3n2)nc(C(=O)Nc2cc(OCCN)c3ccccc3n2)c1,C1=CC=C2C(=C1)C(=CC(=N2)NC(=O)C3=CC(=CC(=N3)C(=O)NC4=NC5=CC=CC=C5C(=C4)OCCN)OCCN)OCCN,VGHSATQVJCTKEF-UHFFFAOYSA-N,25227847.0,0,0,0
2045,AMG-319,amg 319,CC(Nc1ncnc2nc[nH]c12)c1cc2ccc(F)cc2nc1-c1ccccn1,CC(C1=C(N=C2C=C(C=CC2=C1)F)C3=CC=CC=N3)NC4=NC=NC5=C4NC=N5,KWRYMZHCQIOOEB-UHFFFAOYSA-N,68947304.0,1,0,0
2046,MK-8776,mk 8776,Cn1cc(-c2cnn3c(N)c(Br)c(C4CCCNC4)nc23)cn1,CN1C=C(C=N1)C2=C3N=C(C(=C(N3N=C2)N)Br)C4CCCNC4,GMIZZEXBPRLVIV-UHFFFAOYSA-N,46239015.0,1,0,0
2048,Vinorelbine,vinorelbine,CCC1=CC2CN(C1)Cc1c([nH]c3ccccc13)C(C(=O)OC)(c1cc3c(cc1OC)N(C)C1C(O)(C(=O)OC)C(OC(C)=O)C4(CC)C=CCN5CCC31C54)C2,CCC1=CC2CC(C3=C(CN(C2)C1)C4=CC=CC=C4N3)(C5=C(C=C6C(=C5)C78CCN9C7C(C=CC9)(C(C(C8N6C)(C(=O)OC)O)OC(=O)C)CC)OC)C(=O)OC,GBABOYUKABKIAF-UHFFFAOYSA-N,5311497.0,0,0,1
2055,Mycophenolic acid,mycophenolic acid,COc1c(C)c2c(c(O)c1CC=C(C)CCC(=O)O)C(=O)OC2,CC1=C2COC(=O)C2=C(C(=C1OC)CC=C(C)CCC(=O)O)O,HPNSFSBZBAHARI-UHFFFAOYSA-N,446541.0,1,0,1
2057,Remodelin,remodelin,N#Cc1ccc(-c2csc(NN=C3CCCC3)n2)cc1,C1CCC(=NNC2=NC(=CS2)C3=CC=C(C=C3)C#N)C1,XAEJIFARBQJLML-UHFFFAOYSA-N,44442376.0,0,0,0
2096,VX-11e,vx 11e,Cc1cnc(Nc2ccc(F)cc2Cl)nc1-c1c[nH]c(C(=O)NC(CO)c2cccc(Cl)c2)c1,CC1=CN=C(N=C1C2=CNC(=C2)C(=O)NC(CO)C3=CC(=CC=C3)Cl)NC4=C(C=C(C=C4)F)Cl,WUTVMXLIGHTZJC-UHFFFAOYSA-N,11634725.0,0,0,0
2107,LJI308,lji308,Oc1c(F)cc(-c2cnccc2-c2ccc(N3CCOCC3)cc2)cc1F,C1COCCN1C2=CC=C(C=C2)C3=C(C=NC=C3)C4=CC(=C(C(=C4)F)O)F,YUYJEQHNWKQNBT-UHFFFAOYSA-N,118704762.0,0,0,0
2109,AZ6102,az6102,Cc1cc(N2CC(C)NC(C)C2)ncc1-c1ccc(-c2nc3c(ccn3C)c(=O)[nH]2)cc1,CC1CN(CC(N1)C)C2=NC=C(C(=C2)C)C3=CC=C(C=C3)C4=NC5=C(C=CN5C)C(=O)N4,WCPTUQOMNJBIET-UHFFFAOYSA-N,135905416.0,0,0,0
2110,GSK591,gsk591,O=C(NCC(O)CN1CCc2ccccc2C1)c1ccnc(NC2CCC2)c1,C1CC(C1)NC2=NC=CC(=C2)C(=O)NCC(CN3CCC4=CC=CC=C4C3)O,TWKYXZSXXXKKJU-UHFFFAOYSA-N,117072552.0,0,0,0
2111,VE821,ve821,CS(=O)(=O)c1ccc(-c2cnc(N)c(C(=O)Nc3ccccc3)n2)cc1,CS(=O)(=O)C1=CC=C(C=C1)C2=CN=C(C(=N2)C(=O)NC3=CC=CC=C3)N,DUIHHZKTCSNTGM-UHFFFAOYSA-N,51000408.0,0,0,0
2148,POMHEX,pomhex,CC(C)(C)C(=O)OCOP(=O)(OCOC(=O)C(C)(C)C)C1CCCN(O)C1=O,CC(C)(C)C(=O)OCOP(=O)(C1CCCN(C1=O)O)OCOC(=O)C(C)(C)C,TVFIFFUSHZDTKT-UHFFFAOYSA-N,122540908.0,0,0,0
2154,GSK-LSD1-2HCl ,gsk lsd1 2hcl,Cl.Cl.c1ccc(C2CC2NC2CCNCC2)cc1,C1CNCCC1NC2CC2C3=CC=CC=C3.Cl.Cl,PJFZOGMSPBHPNS-UHFFFAOYSA-N,91826516.0,0,0,0
2156,5-azacytidine,5 azacytidine,Nc1ncn(C2OC(CO)C(O)C2O)c(=O)n1,C1=NC(=NC(=O)N1C2C(C(C(O2)CO)O)O)N,NMUSYJAQQFHJEW-UHFFFAOYSA-N,9444.0,0,0,0
2157,A-366,a 366,COc1cc2c(cc1OCCCN1CCCC1)N=C(N)C21CCC1,COC1=C(C=C2C(=C1)C3(CCC3)C(=N2)N)OCCCN4CCCC4,BKCDJTRMYWSXMC-UHFFFAOYSA-N,76285486.0,0,0,0
2158,CPI-637,cpi 637,CC1CC(=O)Nc2cccc(-c3ccc4c(c3)c(-c3cnn(C)c3)nn4C)c2N1,CC1CC(=O)NC2=CC=CC(=C2N1)C3=CC4=C(C=C3)N(N=C4C5=CN(N=C5)C)C,BFTKDWYIRJGJCA-UHFFFAOYSA-N,121271792.0,0,0,0
2159,UNC0379,unc0379,COc1cc2nc(N3CCCC3)nc(NCCCCCN3CCCC3)c2cc1OC,COC1=C(C=C2C(=C1)C(=NC(=N2)N3CCCC3)NCCCCCN4CCCC4)OC,WEXCGGWTIDNVNT-UHFFFAOYSA-N,78357767.0,0,0,0
2169,AZD6482,azd6482,Cc1cc(C(C)Nc2ccccc2C(=O)O)c2nc(N3CCOCC3)cc(=O)n2c1,CC1=CN2C(=O)C=C(N=C2C(=C1)C(C)NC3=CC=CC=C3C(=O)O)N4CCOCC4,IRTDIKMSKMREGO-UHFFFAOYSA-N,44137675.0,1,0,0
2170,AT13148,at13148,NCC(O)(c1ccc(Cl)cc1)c1ccc(-c2cn[nH]c2)cc1,C1=CC(=CC=C1C2=CNN=C2)C(CN)(C3=CC=C(C=C3)Cl)O,IIRWNGPLJQXWFJ-UHFFFAOYSA-N,24905401.0,1,0,0
2171,BMS-754807,bms 754807,CC1(C(=O)Nc2ccc(F)nc2)CCCN1c1nc(Nc2cc(C3CC3)[nH]n2)c2cccn2n1,CC1(CCCN1C2=NN3C=CC=C3C(=N2)NC4=NNC(=C4)C5CC5)C(=O)NC6=CN=C(C=C6)F,LQVXSNNAFNGRAH-UHFFFAOYSA-N,24785538.0,1,0,0
2172,JQ1,jq1,Cc1sc2c(c1C)C(c1ccc(Cl)cc1)=NC(CC(=O)OC(C)(C)C)c1nnc(C)n1-2,CC1=C(SC2=C1C(=NC(C3=NN=C(N32)C)CC(=O)OC(C)(C)C)C4=CC=C(C=C4)Cl)C,DNVXATUJJDPFDM-UHFFFAOYSA-N,46907787.0,0,0,0
2173,PFI-1,pfi 1,COc1ccccc1S(=O)(=O)Nc1ccc2c(c1)CN(C)C(=O)N2,CN1CC2=C(C=CC(=C2)NS(=O)(=O)C3=CC=CC=C3OC)NC1=O,TXZPMHLMPKIUGK-UHFFFAOYSA-N,71271629.0,0,0,0
2174,IOX2,iox2,O=C(O)CNC(=O)c1c(O)c2ccccc2n(Cc2ccccc2)c1=O,C1=CC=C(C=C1)CN2C3=CC=CC=C3C(=C(C2=O)C(=O)NCC(=O)O)O,CAOSCCRYLYQBES-UHFFFAOYSA-N,54685215.0,0,0,0
2175,CHIR-99021,chir 99021,Cc1cnc(-c2cnc(NCCNc3ccc(C#N)cn3)nc2-c2ccc(Cl)cc2Cl)[nH]1,CC1=CN=C(N1)C2=CN=C(N=C2C3=C(C=C(C=C3)Cl)Cl)NCCNC4=NC=C(C=C4)C#N,AQGNHMOJWBZFQQ-UHFFFAOYSA-N,9956119.0,0,0,0
2177,SGC0946,sgc0946,CC(C)N(CCCNC(=O)Nc1ccc(C(C)(C)C)cc1)CC1OC(n2cc(Br)c3c(N)ncnc32)C(O)C1O,CC(C)N(CCCNC(=O)NC1=CC=C(C=C1)C(C)(C)C)CC2C(C(C(O2)N3C=C(C4=C(N=CN=C43)N)Br)O)O,IQCKJUKAQJINMK-UHFFFAOYSA-N,56962337.0,0,0,0
2359,GSK2830371,gsk2830371,Cc1ncc(Cl)cc1NCc1ccc(C(=O)NC(CC2CCCC2)C(=O)NC2CC2)s1,CC1=C(C=C(C=N1)Cl)NCC2=CC=C(S2)C(=O)NC(CC3CCCC3)C(=O)NC4CC4,IVDUVEGCMXCMSO-UHFFFAOYSA-N,70983932.0,0,0,0
2360,THR-101,thr 101,Cc1ccccc1-n1sc2cc(F)ccc2c1=O,CC1=CC=CC=C1N2C(=O)C3=C(S2)C=C(C=C3)F,BUIZTXXZBDUOCR-UHFFFAOYSA-N,1510379.0,0,0,0
2438,ascorbate (vitamin C),ascorbate vitamin c,O=C1OC(C(O)CO)C(O)=C1O,C(C(C1C(=C(C(=O)O1)O)O)O)O,CIWBSHSKHKDKBQ-UHFFFAOYSA-N,54670067.0,0,0,0
2439,glutathione,glutathione,NC(CCC(=O)NC(CS)C(=O)NCC(=O)O)C(=O)O,C(CC(=O)NC(CS)C(=O)NCC(=O)O)C(C(=O)O)N,RWSXRVCMGQZWBV-UHFFFAOYSA-N,124886.0,0,0,1
2498,alpha-lipoic acid,alpha lipoic acid,O=C(O)CCCCC1CCSS1,C1CSSC1CCCCC(=O)O,AGBQKNBQESQNJD-UHFFFAOYSA-N,864.0,0,0,0
2499,N-acetyl cysteine,n acetyl cysteine,CC(=O)NC(CS)C(=O)O,CC(=O)NC(CS)C(=O)O,PWKSKIMOESPYIA-UHFFFAOYSA-N,12035.0,0,0,0
