Drug1,Drug2,Cell line,ZIP,Bliss,Loewe,HSA,drug1_norm,drug2_norm,matched_gdsc_cell_id
LENALIDOMIDE,CYCLOPHOSPHAMIDE,T-47D,-1.68,-0.46,1.04,0.55,lenalidomide,cyclophosphamide,SIDM00097
CRIZOTINIB,VISMODEGIB,CCRF-CEM,-1.33,-0.48,-19.45,-1.97,crizotinib,vismodegib,SIDM00121
ROMIDEPSIN,DASATINIB,COLO 205,0.13,-0.56,-1.72,-1.97,romidepsin,dasatinib,SIDM00826
VISMODEGIB,BORTEZOMIB,RPMI-8226,20.37,18.68,-77.37,12.0,vismodegib,bortezomib,SIDM00087
LENALIDOMIDE,DACARBAZINE,OVCAR3,-2.52,-8.37,-9.86,-8.14,lenalidomide,dacarbazine,SIDM00105
SORAFENIB,METHOTREXATE,OVCAR3,3.94,3.95,-51.04,-1.23,sorafenib,methotrexate,SIDM00105
CYCLOPHOSPHAMIDE,TEMOZOLOMIDE,NCIH520,3.46,3.47,-0.34,-0.24,cyclophosphamide,temozolomide,SIDM01130
CRIZOTINIB,DACARBAZINE,A549,-5.33,2.62,-20.93,0.89,crizotinib,dacarbazine,SIDM00903
CYCLOPHOSPHAMIDE,LAPATINIB,HT144,0.05,-5.83,-37.92,-7.26,cyclophosphamide,lapatinib,SIDM00695
TRETINOIN,DASATINIB,HT29,-2.54,1.81,3.02,5.65,tretinoin,dasatinib,SIDM00136
NILOTINIB,SORAFENIB,ACHN,0.71,-3.08,-21.65,-6.04,nilotinib,sorafenib,SIDM00123
METHOTREXATE,TEMOZOLOMIDE,SKMEL30,-3.12,-4.56,-47.03,-7.56,methotrexate,temozolomide,SIDM00392
LAPATINIB,OXALIPLATIN,NCIH23,-3.86,-4.25,-5.83,-0.08,lapatinib,oxaliplatin,SIDM00138
CYCLOPHOSPHAMIDE,DINACICLIB,CAOV3,5.89,4.85,-42.17,1.88,cyclophosphamide,dinaciclib,SIDM00919
GEFITINIB,FULVESTRANT,SK-MEL-5,-3.98,-1.94,-1.58,-1.08,gefitinib,fulvestrant,SIDM00080
DOCETAXEL,SN-38,RPMI-8226,-0.74,4.5,-25.21,3.11,docetaxel,sn-38,SIDM00087
SN-38,SORAFENIB,SK-MEL-28,-5.22,-3.07,-3.96,-1.59,sn-38,sorafenib,SIDM00081
DOCETAXEL,BLEOMYCIN,SK-MEL-5,1.29,14.18,12.59,13.8,docetaxel,bleomycin,SIDM00080
VISMODEGIB,PACLITAXEL,SW-620,13.38,12.77,-68.9,10.6,vismodegib,paclitaxel,SIDM00841
LENALIDOMIDE,BORTEZOMIB,HCT116,-3.03,-1.32,1.5,1.36,lenalidomide,bortezomib,SIDM00783
PACLITAXEL,DINACICLIB,RKO,8.94,8.94,7.29,13.04,paclitaxel,dinaciclib,SIDM01090
PACLITAXEL,FULVESTRANT,M14,-0.46,-3.66,-3.7,-4.56,paclitaxel,fulvestrant,SIDM00003
MITOXANTRONE,PACLITAXEL,SK-MEL-28,2.2,2.89,3.19,7.43,mitoxantrone,paclitaxel,SIDM00081
METHOTREXATE,SORAFENIB,RKO,1.23,-3.07,-4.92,-0.03,methotrexate,sorafenib,SIDM01090
RUXOLITINIB,DOCETAXEL,CCRF-CEM,9.58,15.79,-62.9,13.99,ruxolitinib,docetaxel,SIDM00121
FULVESTRANT,METHOTREXATE,HCT116,1.46,2.55,-16.72,0.44,fulvestrant,methotrexate,SIDM00783
CYCLOPHOSPHAMIDE,MK-2206,OCUBM,2.11,2.74,-32.59,0.07,cyclophosphamide,mk-2206,SIDM00241
AXITINIB,PACLITAXEL,OVCAR-8,5.05,2.68,-49.35,1.72,axitinib,paclitaxel,SIDM00090
MITOXANTRONE,DASATINIB,SN12C,-0.78,0.78,1.2,5.44,mitoxantrone,dasatinib,SIDM00094
AXITINIB,NILOTINIB,MDA-MB-468,-0.14,0.32,-1.23,-0.36,axitinib,nilotinib,SIDM00628
RUXOLITINIB,AXITINIB,HOP-62,3.22,6.37,3.65,2.47,ruxolitinib,axitinib,SIDM00133
GEFITINIB,BORTEZOMIB,CCRF-CEM,-6.76,-7.74,-40.14,-4.66,gefitinib,bortezomib,SIDM00121
LAPATINIB,OXALIPLATIN,A427,-6.78,-4.47,-7.98,-4.09,lapatinib,oxaliplatin,SIDM00810
DACARBAZINE,SN-38,DU-145,2.33,9.48,5.03,7.91,dacarbazine,sn-38,SIDM00120
CRIZOTINIB,TEMOZOLOMIDE,OVCAR-4,2.39,-2.62,-5.64,-6.58,crizotinib,temozolomide,SIDM00092
GEFITINIB,NILOTINIB,SW-620,1.31,2.45,-1.72,-1.48,gefitinib,nilotinib,SIDM00841
DACARBAZINE,LAPATINIB,786-0,-0.41,-2.72,-4.26,-3.83,dacarbazine,lapatinib,SIDM00125
TEMOZOLOMIDE,MK-8776,LOVO,4.9,2.42,-18.95,3.35,temozolomide,mk-8776,SIDM00839
ERLOTINIB,SN-38,SW837,0.82,3.11,12.48,13.51,erlotinib,sn-38,SIDM00833
DACARBAZINE,SN-38,MDA-MB-231,-9.17,-7.15,-34.98,-9.57,dacarbazine,sn-38,SIDM00146
VINORELBINE,DASATINIB,SW837,-2.6,-4.19,2.48,4.01,vinorelbine,dasatinib,SIDM00833
VINBLASTINE,DINACICLIB,A2780,4.44,2.24,-0.8,3.83,vinblastine,dinaciclib,SIDM00210
METHOTREXATE,MK-8776,SW837,1.17,-0.83,1.24,4.89,methotrexate,mk-8776,SIDM00833
MK-2206,MK-8776,OVCAR3,-0.01,0.12,5.1,8.99,mk-2206,mk-8776,SIDM00105
LAPATINIB,SORAFENIB,NCIH23,-0.45,1.25,-4.96,-1.42,lapatinib,sorafenib,SIDM00138
LAPATINIB,SN-38,UACC62,-5.05,2.97,3.26,5.69,lapatinib,sn-38,SIDM00107
LAPATINIB,MK-2206,UACC62,0.41,4.43,6.66,8.3,lapatinib,mk-2206,SIDM00107
NILOTINIB,LAPATINIB,UACC62,3.99,1.34,-9.79,-9.11,nilotinib,lapatinib,SIDM00107
TRETINOIN,BLEOMYCIN,A498,-3.46,1.03,-11.59,-2.24,tretinoin,bleomycin,SIDM00124
DASATINIB,SN-38,NCIH1650,1.03,1.7,3.03,3.18,dasatinib,sn-38,SIDM00745
TEMOZOLOMIDE,OXALIPLATIN,SKMEL30,-2.47,-2.68,-25.7,-0.14,temozolomide,oxaliplatin,SIDM00392
DASATINIB,DINACICLIB,NCIH23,3.58,2.3,-1.05,5.82,dasatinib,dinaciclib,SIDM00138
VINBLASTINE,SORAFENIB,OV90,4.26,4.45,-0.91,8.92,vinblastine,sorafenib,SIDM01141
DINACICLIB,MK-8776,SK-OV-3,8.78,9.7,0.75,8.03,dinaciclib,mk-8776,SIDM00079
LAPATINIB,SORAFENIB,UACC62,7.26,7.69,5.19,9.1,lapatinib,sorafenib,SIDM00107
DASATINIB,MK-8776,A375,26.94,26.42,27.59,31.77,dasatinib,mk-8776,SIDM00795
PACLITAXEL,SORAFENIB,UACC-257,3.13,11.54,7.18,10.62,paclitaxel,sorafenib,SIDM00108
VINBLASTINE,MK-8776,SW-620,0.17,-4.45,-71.52,-4.23,vinblastine,mk-8776,SIDM00841
Nelarabine,Ruxolitinib,L-1236,-0.588,-6.377,-33.404,-9.148,nelarabine,ruxolitinib,SIDM00313
PACLITAXEL,ROMIDEPSIN,MCF7,-6.96,-6.11,-7.69,-3.58,paclitaxel,romidepsin,SIDM00148
VINORELBINE,ERLOTINIB,SW837,3.95,3.83,7.95,9.99,vinorelbine,erlotinib,SIDM00833
CYCLOPHOSPHAMIDE,MK-2206,NCIH520,8.17,4.49,-13.0,3.08,cyclophosphamide,mk-2206,SIDM01130
TEMOZOLOMIDE,LAPATINIB,OVCAR3,2.56,6.47,-13.61,2.37,temozolomide,lapatinib,SIDM00105
TEMOZOLOMIDE,SN-38,VCAP,1.85,6.31,-7.07,0.66,temozolomide,sn-38,SIDM01077
TRETINOIN,BORTEZOMIB,SK-OV-3,-1.62,-0.58,-29.56,0.03,tretinoin,bortezomib,SIDM00079
SN-38,BORTEZOMIB,UACC62,3.96,3.45,2.29,7.18,sn-38,bortezomib,SIDM00107
MK-2206,OXALIPLATIN,MDAMB436,-9.07,-11.77,-6.47,-5.02,mk-2206,oxaliplatin,SIDM00629
BORTEZOMIB,DASATINIB,OCUBM,1.0,5.22,2.68,6.09,bortezomib,dasatinib,SIDM00241
AXITINIB,TRETINOIN,EKVX,-0.45,1.31,-5.04,-1.41,axitinib,tretinoin,SIDM00119
LENALIDOMIDE,TEMOZOLOMIDE,SN12C,-3.29,-3.11,-2.51,-2.5,lenalidomide,temozolomide,SIDM00094
METHOTREXATE,CYCLOPHOSPHAMIDE,BT-549,-1.84,1.06,-22.16,0.93,methotrexate,cyclophosphamide,SIDM00122
RUXOLITINIB,VISMODEGIB,HS 578T,6.8,11.07,3.9,2.75,ruxolitinib,vismodegib,SIDM00135
TEMOZOLOMIDE,PACLITAXEL,ACHN,-2.62,-4.24,-30.45,-3.81,temozolomide,paclitaxel,SIDM00123
VINORELBINE,TEMOZOLOMIDE,A2780,2.34,3.96,0.29,3.97,vinorelbine,temozolomide,SIDM00210
TRETINOIN,BORTEZOMIB,786-0,2.59,2.9,-46.73,-0.28,tretinoin,bortezomib,SIDM00125
PACLITAXEL,CYCLOPHOSPHAMIDE,RPMI-8226,-2.77,-6.7,-59.91,-5.61,paclitaxel,cyclophosphamide,SIDM00087
METHOTREXATE,ERLOTINIB,NCI-H460,1.16,0.9,-1.11,2.28,methotrexate,erlotinib,SIDM00144
LENALIDOMIDE,CRIZOTINIB,TK-10,-0.68,-0.25,-2.34,-0.72,lenalidomide,crizotinib,SIDM00113
DASATINIB,SORAFENIB,PA1,1.2,0.66,5.12,8.1,dasatinib,sorafenib,SIDM01140
GEMCITABINE,SORAFENIB,SKMEL30,-10.81,-10.21,-2.2,2.02,gemcitabine,sorafenib,SIDM00392
LENALIDOMIDE,SN-38,SK-MEL-2,-6.61,-0.74,-18.39,0.63,lenalidomide,sn-38,SIDM00082
METHOTREXATE,BORTEZOMIB,SKMES1,0.42,-1.81,-1.6,2.04,methotrexate,bortezomib,SIDM01103
VINORELBINE,LAPATINIB,NCIH520,2.65,4.88,2.07,6.41,vinorelbine,lapatinib,SIDM01130
VINORELBINE,BORTEZOMIB,SK-OV-3,-3.02,-5.27,-5.09,-1.92,vinorelbine,bortezomib,SIDM00079
TEMOZOLOMIDE,PACLITAXEL,OVCAR-5,7.01,-1.44,-69.75,-13.75,temozolomide,paclitaxel,SIDM00091
PACLITAXEL,DINACICLIB,RPMI7951,2.99,2.5,0.95,4.77,paclitaxel,dinaciclib,SIDM01087
GEFITINIB,TRETINOIN,SK-MEL-5,2.4,4.41,3.01,5.54,gefitinib,tretinoin,SIDM00080
SORAFENIB,BORTEZOMIB,OVCAR-4,1.63,1.25,-55.04,-1.39,sorafenib,bortezomib,SIDM00092
CRIZOTINIB,GEFITINIB,SN12C,0.07,8.39,11.13,11.49,crizotinib,gefitinib,SIDM00094
ROMIDEPSIN,SN-38,NCI-H460,-3.03,-1.39,-0.04,2.08,romidepsin,sn-38,SIDM00144
MITOXANTRONE,NILOTINIB,SF-539,-0.48,-1.48,-20.11,-1.55,mitoxantrone,nilotinib,SIDM00083
GEFITINIB,METHOTREXATE,NCI-H522,-4.45,-3.58,-11.45,-2.13,gefitinib,methotrexate,SIDM00116
CRIZOTINIB,LENALIDOMIDE,CCRF-CEM,-6.07,-4.32,-13.68,-4.26,crizotinib,lenalidomide,SIDM00121
DASATINIB,SORAFENIB,MDAMB436,1.36,1.66,-3.35,-0.38,dasatinib,sorafenib,SIDM00629
METHOTREXATE,MK-2206,RPMI7951,-4.1,-6.98,-6.92,-3.83,methotrexate,mk-2206,SIDM01087
METHOTREXATE,ERLOTINIB,NCI-H460,1.0,0.51,-1.5,1.89,methotrexate,erlotinib,SIDM00144
CRIZOTINIB,NILOTINIB,KM12,-4.72,-3.93,-0.78,0.53,crizotinib,nilotinib,SIDM00150
NILOTINIB,CYCLOPHOSPHAMIDE,A549,2.26,-0.86,-1.38,-4.85,nilotinib,cyclophosphamide,SIDM00903
DOCETAXEL,SORAFENIB,BT-549,15.81,16.37,8.59,12.35,docetaxel,sorafenib,SIDM00122
OXALIPLATIN,MK-8776,LOVO,-0.76,-1.25,4.21,7.88,oxaliplatin,mk-8776,SIDM00839
DASATINIB,DINACICLIB,CAOV3,2.69,0.66,2.73,5.77,dasatinib,dinaciclib,SIDM00919
CYCLOPHOSPHAMIDE,TEMOZOLOMIDE,MDAMB436,2.24,0.52,-4.72,-3.92,cyclophosphamide,temozolomide,SIDM00629
OXALIPLATIN,SORAFENIB,SW837,-3.51,-7.3,-9.81,-2.25,oxaliplatin,sorafenib,SIDM00833
BORTEZOMIB,SORAFENIB,LOVO,-1.4,-4.76,-10.49,-4.17,bortezomib,sorafenib,SIDM00839
BORTEZOMIB,SORAFENIB,ES2,7.62,6.64,2.48,8.74,bortezomib,sorafenib,SIDM00861
SORAFENIB,CYCLOPHOSPHAMIDE,SK-MEL-28,-2.05,1.56,-0.45,0.42,sorafenib,cyclophosphamide,SIDM00081
PACLITAXEL,DASATINIB,SF-268,-2.87,3.81,-6.88,0.35,paclitaxel,dasatinib,SIDM00085
VINORELBINE,LAPATINIB,RKO,-0.87,1.25,1.49,5.34,vinorelbine,lapatinib,SIDM01090
OXALIPLATIN,MK-8776,A2058,9.14,9.86,8.45,12.41,oxaliplatin,mk-8776,SIDM00797
RUXOLITINIB,ROMIDEPSIN,NCI-H460,-3.26,-11.07,-61.16,-11.11,ruxolitinib,romidepsin,SIDM00144
METHOTREXATE,CYCLOPHOSPHAMIDE,TK-10,-0.38,-1.52,-8.41,-2.57,methotrexate,cyclophosphamide,SIDM00113
TENIPOSIDE,FULVESTRANT,LOX IMVI,-4.48,-7.61,-20.49,-6.44,teniposide,fulvestrant,SIDM00149
DACARBAZINE,ROMIDEPSIN,A498,-1.7,-2.71,-5.77,-2.85,dacarbazine,romidepsin,SIDM00124
GEFITINIB,SN-38,HCT116,5.05,3.98,-7.64,6.94,gefitinib,sn-38,SIDM00783
ERLOTINIB,DASATINIB,SK-OV-3,1.3,1.13,8.35,10.05,erlotinib,dasatinib,SIDM00079
SORAFENIB,DINACICLIB,A427,-1.97,-3.87,-4.92,-0.09,sorafenib,dinaciclib,SIDM00810
PACLITAXEL,BLEOMYCIN,786-0,-6.08,1.73,2.27,4.5,paclitaxel,bleomycin,SIDM00125
VISMODEGIB,SORAFENIB,NCIH23,-10.92,-5.47,-12.46,-6.21,vismodegib,sorafenib,SIDM00138
TOPOTECAN,SORAFENIB,OV90,0.6,1.0,2.49,8.95,topotecan,sorafenib,SIDM01141
VINORELBINE,BORTEZOMIB,MDAMB436,3.4,3.88,-3.87,4.08,vinorelbine,bortezomib,SIDM00629
MITOXANTRONE,METHOTREXATE,NCIH23,-2.61,-0.65,-6.6,3.8,mitoxantrone,methotrexate,SIDM00138
TEMOZOLOMIDE,OXALIPLATIN,OVCAR3,-2.3,-4.12,-19.25,-8.1,temozolomide,oxaliplatin,SIDM00105
GEFITINIB,METHOTREXATE,OVCAR3,-13.78,-4.76,-1.22,0.12,gefitinib,methotrexate,SIDM00105
TEMOZOLOMIDE,DOCETAXEL,OVCAR3,1.34,4.8,1.35,2.01,temozolomide,docetaxel,SIDM00105
RUXOLITINIB,MITOXANTRONE,NCI-H322M,1.82,6.84,-8.59,6.88,ruxolitinib,mitoxantrone,SIDM00117
LENALIDOMIDE,NILOTINIB,HCT-15,-0.03,1.87,-1.13,-1.09,lenalidomide,nilotinib,SIDM00789
MK-2206,DINACICLIB,A375,6.53,4.01,-8.57,3.13,mk-2206,dinaciclib,SIDM00795
RUXOLITINIB,CRIZOTINIB,TK-10,-2.51,-2.05,-5.76,-2.88,ruxolitinib,crizotinib,SIDM00113
GEMCITABINE,DINACICLIB,SW837,-11.44,-11.36,-9.04,-6.97,gemcitabine,dinaciclib,SIDM00833
PACLITAXEL,BORTEZOMIB,DU-145,-0.56,-2.84,-8.43,-2.46,paclitaxel,bortezomib,SIDM00120
RUXOLITINIB,DASATINIB,T-47D,1.46,10.48,4.0,5.42,ruxolitinib,dasatinib,SIDM00097
PACLITAXEL,LAPATINIB,NCIH2122,3.82,1.75,-0.77,3.79,paclitaxel,lapatinib,SIDM00702
PACLITAXEL,ERLOTINIB,T-47D,-7.39,-6.17,-1.18,0.81,paclitaxel,erlotinib,SIDM00097
VINBLASTINE,MK-2206,RKO,-2.12,-0.47,-1.9,2.59,vinblastine,mk-2206,SIDM01090
METHOTREXATE,TRETINOIN,IGROV1,2.16,1.72,-11.0,-5.3,methotrexate,tretinoin,SIDM00151
LENALIDOMIDE,CYCLOPHOSPHAMIDE,HT29,-2.69,-7.17,-6.44,-6.44,lenalidomide,cyclophosphamide,SIDM00136
DACARBAZINE,ROMIDEPSIN,RPMI-8226,-0.7,1.45,-26.44,2.0,dacarbazine,romidepsin,SIDM00087
TENIPOSIDE,BLEOMYCIN,RPMI-8226,9.64,10.44,1.39,8.5,teniposide,bleomycin,SIDM00087
DINACICLIB,MK-8776,ES2,-0.05,-1.85,-6.75,-0.62,dinaciclib,mk-8776,SIDM00861
RUXOLITINIB,DOCETAXEL,SF-539,8.75,9.45,-20.18,11.08,ruxolitinib,docetaxel,SIDM00083
GEFITINIB,ROMIDEPSIN,HOP-92,-1.54,-0.64,-2.64,1.56,gefitinib,romidepsin,SIDM00134
GEFITINIB,DOCETAXEL,HT29,13.73,12.97,-3.06,14.12,gefitinib,docetaxel,SIDM00136
CYCLOPHOSPHAMIDE,BORTEZOMIB,PA1,-1.82,-7.62,-52.1,-8.91,cyclophosphamide,bortezomib,SIDM01140
TEMOZOLOMIDE,DOCETAXEL,NCI-H322M,6.01,-5.63,-4.92,-17.22,temozolomide,docetaxel,SIDM00117
DASATINIB,MK-8776,CAOV3,-6.36,-3.87,11.18,13.34,dasatinib,mk-8776,SIDM00919
DOCETAXEL,CYCLOPHOSPHAMIDE,SN12C,-2.1,-6.07,-36.76,-7.17,docetaxel,cyclophosphamide,SIDM00094
VINBLASTINE,DINACICLIB,NCIH2122,2.05,1.69,-1.95,2.54,vinblastine,dinaciclib,SIDM00702
VINORELBINE,TEMOZOLOMIDE,NCI-H460,-0.75,-0.42,-4.93,2.0,vinorelbine,temozolomide,SIDM00144
PACLITAXEL,TEMOZOLOMIDE,MDAMB436,-1.22,-1.14,-8.6,-0.43,paclitaxel,temozolomide,SIDM00629
AXITINIB,ROMIDEPSIN,MCF7,4.08,4.23,-45.21,5.06,axitinib,romidepsin,SIDM00148
BLEOMYCIN,BORTEZOMIB,NCI-H226,5.98,5.67,3.22,7.92,bleomycin,bortezomib,SIDM00139
RUXOLITINIB,BORTEZOMIB,LOX IMVI,-4.28,-7.11,-3.49,-3.49,ruxolitinib,bortezomib,SIDM00149
VISMODEGIB,LENALIDOMIDE,MCF7,-0.67,5.93,5.9,5.93,vismodegib,lenalidomide,SIDM00148
LENALIDOMIDE,SN-38,SN12C,-2.42,-1.61,-37.89,1.75,lenalidomide,sn-38,SIDM00094
AXITINIB,MITOXANTRONE,HCC-2998,8.47,9.86,7.7,10.76,axitinib,mitoxantrone,SIDM00118
GEMCITABINE,TEMOZOLOMIDE,SKMEL30,0.63,-3.78,-14.83,-1.23,gemcitabine,temozolomide,SIDM00392
LENALIDOMIDE,PACLITAXEL,HT29,-7.49,-13.85,-30.83,-12.42,lenalidomide,paclitaxel,SIDM00136
ERLOTINIB,TOPOTECAN,HT144,1.42,1.0,3.04,7.32,erlotinib,topotecan,SIDM00695
NILOTINIB,SN-38,NCIH23,-0.97,3.14,-19.71,1.12,nilotinib,sn-38,SIDM00138
ERLOTINIB,TOPOTECAN,HT29,7.46,7.52,7.01,10.59,erlotinib,topotecan,SIDM00136
SN-38,METHOTREXATE,COLO 205,-10.15,-2.77,-11.35,-2.76,sn-38,methotrexate,SIDM00826
LAPATINIB,METHOTREXATE,HCC-2998,-2.11,1.58,-14.22,1.99,lapatinib,methotrexate,SIDM00118
RUXOLITINIB,BLEOMYCIN,MDA-MB-231,-0.51,-4.8,-3.7,-2.74,ruxolitinib,bleomycin,SIDM00146
VISMODEGIB,DASATINIB,NCI-H522,6.04,11.96,11.24,12.56,vismodegib,dasatinib,SIDM00116
LAPATINIB,OXALIPLATIN,LOVO,-11.21,-14.28,-4.75,-2.98,lapatinib,oxaliplatin,SIDM00839
VISMODEGIB,DOCETAXEL,SN12C,19.13,18.84,2.42,19.09,vismodegib,docetaxel,SIDM00094
RUXOLITINIB,BORTEZOMIB,HCC-2998,2.95,-5.05,-8.77,-10.28,ruxolitinib,bortezomib,SIDM00118
VINBLASTINE,TEMOZOLOMIDE,OV90,-8.72,-7.97,-18.88,-5.36,vinblastine,temozolomide,SIDM01141
GEMCITABINE,BORTEZOMIB,VCAP,-0.34,-1.5,-0.97,2.3,gemcitabine,bortezomib,SIDM01077
RUXOLITINIB,TENIPOSIDE,HT29,1.66,-0.25,-48.33,-4.33,ruxolitinib,teniposide,SIDM00136
BORTEZOMIB,OXALIPLATIN,A427,-2.23,-1.41,-7.4,-1.65,bortezomib,oxaliplatin,SIDM00810
BLEOMYCIN,METHOTREXATE,BT-549,-6.86,-6.79,-14.5,-1.02,bleomycin,methotrexate,SIDM00122
ERLOTINIB,SN-38,UACC62,6.77,6.15,7.38,10.98,erlotinib,sn-38,SIDM00107
LAPATINIB,DASATINIB,SKMES1,4.33,4.13,13.72,16.11,lapatinib,dasatinib,SIDM01103
AXITINIB,PACLITAXEL,BT-549,14.01,12.81,-26.09,11.72,axitinib,paclitaxel,SIDM00122
TEMOZOLOMIDE,LAPATINIB,NCI-H522,-4.52,1.38,-17.8,-1.97,temozolomide,lapatinib,SIDM00116
VISMODEGIB,TENIPOSIDE,HOP-62,0.69,2.33,-6.51,1.94,vismodegib,teniposide,SIDM00133
CRIZOTINIB,METHOTREXATE,SK-MEL-5,-4.36,2.22,-40.09,-3.14,crizotinib,methotrexate,SIDM00080
NILOTINIB,SORAFENIB,UACC62,-1.88,-2.87,-3.82,-3.99,nilotinib,sorafenib,SIDM00107
FULVESTRANT,METHOTREXATE,HCC-2998,1.7,3.66,-57.94,0.26,fulvestrant,methotrexate,SIDM00118
MITOXANTRONE,BORTEZOMIB,HCT116,-7.72,-10.31,-8.47,-8.07,mitoxantrone,bortezomib,SIDM00783
ERLOTINIB,MK-8776,NCIH23,3.14,1.41,3.29,6.83,erlotinib,mk-8776,SIDM00138
DINACICLIB,MK-8776,UACC62,-3.5,0.42,-15.52,3.47,dinaciclib,mk-8776,SIDM00107
CYCLOPHOSPHAMIDE,BORTEZOMIB,NCIH520,4.31,5.12,-43.5,3.23,cyclophosphamide,bortezomib,SIDM01130
GEFITINIB,NILOTINIB,HOP-92,-4.6,2.05,1.88,3.0,gefitinib,nilotinib,SIDM00134
CYCLOPHOSPHAMIDE,DASATINIB,OCUBM,-1.13,5.01,-23.34,-0.63,cyclophosphamide,dasatinib,SIDM00241
BLEOMYCIN,BORTEZOMIB,A549,3.57,4.04,5.76,9.48,bleomycin,bortezomib,SIDM00903
MITOXANTRONE,SORAFENIB,HS 578T,-6.77,-3.81,-1.81,-0.85,mitoxantrone,sorafenib,SIDM00135
GEMCITABINE,TEMOZOLOMIDE,MDAMB436,-3.72,-5.81,-21.01,-3.67,gemcitabine,temozolomide,SIDM00629
MITOXANTRONE,TENIPOSIDE,A498,-6.6,-7.23,-0.81,1.1,mitoxantrone,teniposide,SIDM00124
VINBLASTINE,DASATINIB,T-47D,-1.5,-1.57,-0.76,6.34,vinblastine,dasatinib,SIDM00097
GEFITINIB,METHOTREXATE,HS 578T,7.5,10.94,4.12,11.13,gefitinib,methotrexate,SIDM00135
OXALIPLATIN,DINACICLIB,SKMEL30,2.65,3.83,-5.01,6.88,oxaliplatin,dinaciclib,SIDM00392
CRIZOTINIB,TENIPOSIDE,ACHN,-4.32,-5.61,-9.01,-4.1,crizotinib,teniposide,SIDM00123
LENALIDOMIDE,PACLITAXEL,SF-268,-0.66,-0.32,-13.14,-2.41,lenalidomide,paclitaxel,SIDM00085
MK-2206,OXALIPLATIN,SKMES1,-3.64,-1.14,6.08,8.07,mk-2206,oxaliplatin,SIDM01103
SN-38,DINACICLIB,VCAP,1.26,5.18,-1.88,3.68,sn-38,dinaciclib,SIDM01077
GEMCITABINE,ERLOTINIB,OVCAR3,-8.56,-9.45,-2.18,1.96,gemcitabine,erlotinib,SIDM00105
PACLITAXEL,LAPATINIB,HCT116,0.4,2.68,-14.44,5.34,paclitaxel,lapatinib,SIDM00783
TENIPOSIDE,DASATINIB,SF-539,-1.23,1.62,2.34,2.91,teniposide,dasatinib,SIDM00083
VINBLASTINE,SORAFENIB,RPMI7951,1.76,-0.3,-3.95,2.68,vinblastine,sorafenib,SIDM01087
AXITINIB,ROMIDEPSIN,DU-145,0.55,-0.58,-68.36,-2.18,axitinib,romidepsin,SIDM00120
LAPATINIB,CYCLOPHOSPHAMIDE,HOP-92,-4.59,-0.7,-0.67,-0.22,lapatinib,cyclophosphamide,SIDM00134
MK-2206,BORTEZOMIB,SKMES1,-0.88,-1.55,0.0,2.6,mk-2206,bortezomib,SIDM01103
AXITINIB,FULVESTRANT,NCI-H522,-0.69,5.36,0.21,6.07,axitinib,fulvestrant,SIDM00116
CYCLOPHOSPHAMIDE,MK-8776,A2780,-2.76,8.53,-6.57,7.5,cyclophosphamide,mk-8776,SIDM00210
CYCLOPHOSPHAMIDE,DINACICLIB,OCUBM,8.74,11.68,-53.86,7.72,cyclophosphamide,dinaciclib,SIDM00241
AXITINIB,DOCETAXEL,MDA-MB-231,-0.55,5.18,-50.2,2.33,axitinib,docetaxel,SIDM00146
VINORELBINE,MK-2206,HT29,9.44,7.68,6.79,9.82,vinorelbine,mk-2206,SIDM00136
DASATINIB,SN-38,NCIH23,2.06,1.81,6.72,7.56,dasatinib,sn-38,SIDM00138
AXITINIB,CYCLOPHOSPHAMIDE,U251,-3.71,1.25,-20.45,-0.58,axitinib,cyclophosphamide,SIDM00111
LENALIDOMIDE,GEFITINIB,SK-MEL-5,-4.3,0.43,-15.0,0.22,lenalidomide,gefitinib,SIDM00080
PACLITAXEL,DINACICLIB,A427,2.56,2.11,1.72,5.71,paclitaxel,dinaciclib,SIDM00810
PACLITAXEL,METHOTREXATE,SN12C,-5.13,-0.2,1.46,0.18,paclitaxel,methotrexate,SIDM00094
CRIZOTINIB,VISMODEGIB,HOP-62,-0.33,-3.71,-5.87,-6.46,crizotinib,vismodegib,SIDM00133
ERLOTINIB,SN-38,A427,4.97,3.52,3.4,8.6,erlotinib,sn-38,SIDM00810
GEMCITABINE,LAPATINIB,OVCAR3,-11.07,-14.76,-21.43,-8.55,gemcitabine,lapatinib,SIDM00105
GEFITINIB,ROMIDEPSIN,SF-539,-3.75,-3.64,-27.68,-0.85,gefitinib,romidepsin,SIDM00083
GEMCITABINE,MK-8776,HCT116,34.16,25.53,23.38,27.44,gemcitabine,mk-8776,SIDM00783
CRIZOTINIB,TEMOZOLOMIDE,CCRF-CEM,3.41,-1.99,-62.49,-7.01,crizotinib,temozolomide,SIDM00121
METHOTREXATE,LAPATINIB,UACC62,2.66,3.74,-0.01,3.5,methotrexate,lapatinib,SIDM00107
TEMOZOLOMIDE,MK-2206,MDAMB436,-3.26,1.39,-7.15,3.41,temozolomide,mk-2206,SIDM00629
PACLITAXEL,SN-38,SK-OV-3,-12.31,-5.16,-26.13,-1.66,paclitaxel,sn-38,SIDM00079
LENALIDOMIDE,LAPATINIB,SF-295,-2.01,-0.19,0.11,0.25,lenalidomide,lapatinib,SIDM00084
VISMODEGIB,ROMIDEPSIN,OVCAR-4,-9.61,-2.59,-6.57,-2.33,vismodegib,romidepsin,SIDM00092
RUXOLITINIB,TENIPOSIDE,HOP-62,-0.91,-8.63,-55.31,-9.69,ruxolitinib,teniposide,SIDM00133
CYCLOPHOSPHAMIDE,MK-8776,A427,-1.61,-3.27,-9.47,-1.86,cyclophosphamide,mk-8776,SIDM00810
VINBLASTINE,DINACICLIB,SKMEL30,0.93,3.13,-5.3,4.37,vinblastine,dinaciclib,SIDM00392
AXITINIB,SN-38,TK-10,-6.02,-1.19,-8.12,-1.78,axitinib,sn-38,SIDM00113
ERLOTINIB,TOPOTECAN,NCIH1650,1.2,1.13,6.19,9.49,erlotinib,topotecan,SIDM00745
NILOTINIB,SORAFENIB,HOP-92,6.67,-5.21,-5.39,-7.76,nilotinib,sorafenib,SIDM00134
CRIZOTINIB,TRETINOIN,NCIH23,-3.31,0.05,-10.19,-2.08,crizotinib,tretinoin,SIDM00138
RUXOLITINIB,VISMODEGIB,CCRF-CEM,-0.3,1.52,-4.09,-1.51,ruxolitinib,vismodegib,SIDM00121
GEMCITABINE,MK-8776,T-47D,23.08,24.06,-11.52,19.57,gemcitabine,mk-8776,SIDM00097
RUXOLITINIB,PACLITAXEL,SN12C,5.74,5.38,-30.45,7.71,ruxolitinib,paclitaxel,SIDM00094
PACLITAXEL,ERLOTINIB,ES2,14.18,12.07,-38.53,13.0,paclitaxel,erlotinib,SIDM00861
MK-2206,ERLOTINIB,SKMES1,1.16,0.88,6.53,11.31,mk-2206,erlotinib,SIDM01103
TEMOZOLOMIDE,CYCLOPHOSPHAMIDE,T-47D,2.85,2.65,-3.5,-3.5,temozolomide,cyclophosphamide,SIDM00097
RUXOLITINIB,PACLITAXEL,K-562,-0.17,0.98,-7.78,-2.09,ruxolitinib,paclitaxel,SIDM00791
VINBLASTINE,SORAFENIB,NCIH520,3.33,2.08,2.21,7.89,vinblastine,sorafenib,SIDM01130
PACLITAXEL,SORAFENIB,A427,0.26,0.5,2.29,6.47,paclitaxel,sorafenib,SIDM00810
GEFITINIB,DOCETAXEL,MDA-MB-231,-0.02,3.03,-38.54,5.73,gefitinib,docetaxel,SIDM00146
CYCLOPHOSPHAMIDE,BORTEZOMIB,EKVX,2.34,-2.39,-75.3,-8.55,cyclophosphamide,bortezomib,SIDM00119
DASATINIB,MK-8776,HCT116,10.84,16.34,7.36,11.67,dasatinib,mk-8776,SIDM00783
ROMIDEPSIN,BLEOMYCIN,NCIH23,2.98,3.04,3.99,7.98,romidepsin,bleomycin,SIDM00138
RUXOLITINIB,ROMIDEPSIN,LOX IMVI,-2.9,-3.18,-1.38,-0.76,ruxolitinib,romidepsin,SIDM00149
DACARBAZINE,LAPATINIB,NCIH23,-0.41,1.36,-0.29,0.06,dacarbazine,lapatinib,SIDM00138
MITOXANTRONE,SN-38,SF-539,-1.83,-1.83,-0.94,2.33,mitoxantrone,sn-38,SIDM00083
GEFITINIB,BORTEZOMIB,UACC-257,-2.55,0.29,0.63,-0.1,gefitinib,bortezomib,SIDM00108
FULVESTRANT,SORAFENIB,SR,0.87,1.95,1.86,-0.09,fulvestrant,sorafenib,SIDM00096
CYCLOPHOSPHAMIDE,LAPATINIB,SK-OV-3,5.26,6.61,-7.53,2.44,cyclophosphamide,lapatinib,SIDM00079
DASATINIB,DINACICLIB,A2058,2.67,6.35,-3.31,8.79,dasatinib,dinaciclib,SIDM00797
VINBLASTINE,DASATINIB,SW837,5.01,2.46,40.75,5.52,vinblastine,dasatinib,SIDM00833
LAPATINIB,MK-8776,RPMI7951,6.43,4.77,1.79,6.14,lapatinib,mk-8776,SIDM01087
PACLITAXEL,TEMOZOLOMIDE,T98G,3.59,3.59,5.84,5.92,paclitaxel,temozolomide,SIDM01171
MK-2206,Docetaxel,TC-71,20.045,22.496,0.405,5.273,mk-2206,docetaxel,SIDM00419
CRIZOTINIB,DOCETAXEL,SN12C,7.47,10.77,-15.01,13.42,crizotinib,docetaxel,SIDM00094
TEMOZOLOMIDE,TOPOTECAN,RPMI7951,6.19,5.5,-0.58,8.74,temozolomide,topotecan,SIDM01087
LENALIDOMIDE,TEMOZOLOMIDE,LOX IMVI,-3.1,-0.96,1.27,1.32,lenalidomide,temozolomide,SIDM00149
PACLITAXEL,DASATINIB,OCUBM,4.7,4.47,1.83,7.04,paclitaxel,dasatinib,SIDM00241
PACLITAXEL,DASATINIB,PA1,2.36,2.24,3.45,6.0,paclitaxel,dasatinib,SIDM01140
GEFITINIB,BLEOMYCIN,OVCAR-5,-0.2,2.31,4.36,4.11,gefitinib,bleomycin,SIDM00091
VINBLASTINE,MK-2206,OVCAR3,-2.7,-4.41,-1.66,1.49,vinblastine,mk-2206,SIDM00105
RUXOLITINIB,DOCETAXEL,NCI-H522,4.43,6.19,4.12,8.39,ruxolitinib,docetaxel,SIDM00116
MK-2206,TOPOTECAN,SKMEL30,0.06,-1.27,-6.98,0.63,mk-2206,topotecan,SIDM00392
GEMCITABINE,DASATINIB,SKMES1,-0.64,-4.16,-2.56,1.11,gemcitabine,dasatinib,SIDM01103
GEMCITABINE,LAPATINIB,CAOV3,2.59,-2.13,-3.56,-1.13,gemcitabine,lapatinib,SIDM00919
SN-38,BLEOMYCIN,SK-OV-3,-7.88,-2.27,-13.4,1.07,sn-38,bleomycin,SIDM00079
RUXOLITINIB,SN-38,KM12,-6.65,-2.06,-1.36,0.66,ruxolitinib,sn-38,SIDM00150
LENALIDOMIDE,PACLITAXEL,SR,-14.1,-27.42,-43.1,-23.09,lenalidomide,paclitaxel,SIDM00096
LENALIDOMIDE,SORAFENIB,OVCAR-4,-7.48,-4.23,-18.84,-6.34,lenalidomide,sorafenib,SIDM00092
CYCLOPHOSPHAMIDE,DASATINIB,HCT116,2.11,-8.08,-13.04,-13.04,cyclophosphamide,dasatinib,SIDM00783
LAPATINIB,SN-38,HT29,8.42,11.55,-23.1,14.88,lapatinib,sn-38,SIDM00136
PACLITAXEL,TEMOZOLOMIDE,OCUBM,6.99,1.66,-26.38,-2.91,paclitaxel,temozolomide,SIDM00241
VISMODEGIB,LAPATINIB,NCI-H226,-1.38,3.48,1.32,1.79,vismodegib,lapatinib,SIDM00139
GEMCITABINE,ERLOTINIB,HT144,-8.57,-1.43,0.38,3.19,gemcitabine,erlotinib,SIDM00695
LENALIDOMIDE,DACARBAZINE,NCI-H322M,0.19,-2.76,-5.75,-5.75,lenalidomide,dacarbazine,SIDM00117
MITOXANTRONE,DOCETAXEL,KM12,-7.08,-4.34,-11.51,0.13,mitoxantrone,docetaxel,SIDM00150
VISMODEGIB,LENALIDOMIDE,NCI-H460,-1.12,-0.17,1.14,1.15,vismodegib,lenalidomide,SIDM00144
LAPATINIB,MK-8776,T-47D,3.51,1.34,-8.6,-3.49,lapatinib,mk-8776,SIDM00097
DACARBAZINE,FULVESTRANT,M14,3.17,-2.37,-6.6,-6.87,dacarbazine,fulvestrant,SIDM00003
LAPATINIB,MK-2206,SW-620,-4.07,3.67,1.44,1.99,lapatinib,mk-2206,SIDM00841
AXITINIB,METHOTREXATE,NCI-H522,-0.99,-1.29,-9.95,-2.25,axitinib,methotrexate,SIDM00116
LAPATINIB,METHOTREXATE,MOLT-4,1.61,-4.03,-51.88,-7.72,lapatinib,methotrexate,SIDM00145
LAPATINIB,DINACICLIB,A2058,8.08,9.12,4.99,10.06,lapatinib,dinaciclib,SIDM00797
NILOTINIB,BLEOMYCIN,SK-MEL-28,1.42,3.28,-0.09,1.21,nilotinib,bleomycin,SIDM00081
PACLITAXEL,FULVESTRANT,CCRF-CEM,8.2,2.57,-6.8,-7.19,paclitaxel,fulvestrant,SIDM00121
TEMOZOLOMIDE,ERLOTINIB,VCAP,1.42,9.14,-8.64,3.61,temozolomide,erlotinib,SIDM01077
BORTEZOMIB,DASATINIB,SK-OV-3,-2.33,-3.76,-0.9,1.53,bortezomib,dasatinib,SIDM00079
DACARBAZINE,NILOTINIB,HS 578T,2.48,3.88,-1.74,-1.01,dacarbazine,nilotinib,SIDM00135
PACLITAXEL,DASATINIB,A2780,10.75,8.49,14.13,15.0,paclitaxel,dasatinib,SIDM00210
NILOTINIB,BORTEZOMIB,HCT116,-3.13,-2.33,-40.5,-0.68,nilotinib,bortezomib,SIDM00783
AXITINIB,DOCETAXEL,NCI-H460,13.55,16.15,13.23,16.08,axitinib,docetaxel,SIDM00144
VINORELBINE,MK-8776,OCUBM,-3.5,-2.89,-0.84,2.97,vinorelbine,mk-8776,SIDM00241
TENIPOSIDE,PACLITAXEL,DU-145,-5.38,-4.35,-18.67,-0.36,teniposide,paclitaxel,SIDM00120
TEMOZOLOMIDE,MK-8776,NCIH520,1.73,5.72,-1.89,7.59,temozolomide,mk-8776,SIDM01130
AXITINIB,GEFITINIB,SF-295,-2.93,-0.54,1.47,1.46,axitinib,gefitinib,SIDM00084
AXITINIB,BLEOMYCIN,COLO 205,-0.71,-11.07,-15.9,-14.25,axitinib,bleomycin,SIDM00826
LAPATINIB,CYCLOPHOSPHAMIDE,SF-539,2.54,3.23,0.98,1.01,lapatinib,cyclophosphamide,SIDM00083
PACLITAXEL,LAPATINIB,SK-OV-3,-0.26,1.98,2.07,9.18,paclitaxel,lapatinib,SIDM00079
MK-2206,BORTEZOMIB,KPL1,0.66,0.75,4.97,8.02,mk-2206,bortezomib,
ERLOTINIB,MK-8776,ZR751,-11.91,-8.85,1.8,2.8,erlotinib,mk-8776,
TEMOZOLOMIDE,SORAFENIB,LNCAP,-0.61,-5.26,-28.08,-4.97,temozolomide,sorafenib,
VINBLASTINE,MK-8776,COLO320DM,5.41,3.86,1.75,1.88,vinblastine,mk-8776,
TEMOZOLOMIDE,SN-38,MSTO,2.13,3.81,-0.66,5.78,temozolomide,sn-38,
LAPATINIB,BORTEZOMIB,UWB1289+BRCA1,3.69,3.48,0.75,4.49,lapatinib,bortezomib,
Trametinib,Trametinib,Rh36,-18.606,-20.018,-1.717,-1.541,trametinib,trametinib,
CYCLOPHOSPHAMIDE,ERLOTINIB,ZR751,-6.73,0.45,1.27,1.27,cyclophosphamide,erlotinib,
VINBLASTINE,LAPATINIB,UWB1289+BRCA1,-1.48,-3.21,0.0,2.05,vinblastine,lapatinib,
RUXOLITINIB,BORTEZOMIB,SNB-19,8.73,0.25,-2.66,-2.66,ruxolitinib,bortezomib,
TEMOZOLOMIDE,OXALIPLATIN,UWB1289,-11.36,-11.56,-23.0,-2.47,temozolomide,oxaliplatin,
METHOTREXATE,CYCLOPHOSPHAMIDE,SNB-19,0.77,0.26,-59.34,-0.57,methotrexate,cyclophosphamide,
GEMCITABINE,MK-8776,COLO320DM,17.25,11.54,11.64,16.58,gemcitabine,mk-8776,
PACLITAXEL,LAPATINIB,NCI\\/ADR-RES,5.38,6.6,7.33,7.33,paclitaxel,lapatinib,
DOCETAXEL,DASATINIB,MDA-MB-435,15.22,16.6,15.94,16.19,docetaxel,dasatinib,
DASATINIB,SN-38,ZR751,-6.8,-4.41,-12.59,1.91,dasatinib,sn-38,
CRIZOTINIB,CYCLOPHOSPHAMIDE,SNB-19,-0.87,1.35,-13.33,0.97,crizotinib,cyclophosphamide,
METHOTREXATE,ERLOTINIB,DLD1,-0.34,-2.11,-5.21,0.92,methotrexate,erlotinib,
VINBLASTINE,DASATINIB,LNCAP,-7.48,-10.94,-5.9,-1.41,vinblastine,dasatinib,
LAPATINIB,BORTEZOMIB,DLD1,1.24,2.62,-0.52,3.32,lapatinib,bortezomib,
DINACICLIB,MK-8776,DLD1,9.42,15.12,-3.64,15.83,dinaciclib,mk-8776,
BMS-754807,MK-2206,SMS-CTR,22.51,20.45,2.7,5.25,bms-754807,mk-2206,
PACLITAXEL,TEMOZOLOMIDE,KPL1,2.72,-1.84,-22.23,-7.3,paclitaxel,temozolomide,
LAPATINIB,SORAFENIB,UWB1289+BRCA1,5.42,5.26,5.74,11.41,lapatinib,sorafenib,
ERLOTINIB,MK-8776,UWB1289,-5.32,-8.47,-4.96,-2.66,erlotinib,mk-8776,
ERLOTINIB,OXALIPLATIN,ZR751,-5.55,-4.84,2.89,5.36,erlotinib,oxaliplatin,
BORTEZOMIB,SORAFENIB,UWB1289+BRCA1,-0.16,-1.9,-6.22,-0.38,bortezomib,sorafenib,
ERLOTINIB,MK-8776,DLD1,-1.03,-1.29,-5.82,1.37,erlotinib,mk-8776,
DOCETAXEL,DASATINIB,MALME-3M,-4.26,-1.18,-6.03,-1.88,docetaxel,dasatinib,
LAPATINIB,ERLOTINIB,LNCAP,1.27,2.46,5.11,9.26,lapatinib,erlotinib,
CYCLOPHOSPHAMIDE,BORTEZOMIB,DLD1,2.58,3.4,-48.83,2.8,cyclophosphamide,bortezomib,
LENALIDOMIDE,FULVESTRANT,PC-3,-2.52,2.31,2.83,2.84,lenalidomide,fulvestrant,
TEMOZOLOMIDE,NILOTINIB,MALME-3M,2.32,-1.03,-5.88,-5.96,temozolomide,nilotinib,
GEFITINIB,DOCETAXEL,HL-60(TB),8.62,8.87,-7.97,10.32,gefitinib,docetaxel,
MK-2206,BORTEZOMIB,UWB1289+BRCA1,1.41,1.41,0.12,2.19,mk-2206,bortezomib,
Lenalidomide,BMS-754807,DIPG25,0.737,0.185,-39.11,-0.681,lenalidomide,bms-754807,
DASATINIB,TOPOTECAN,EFM192B,-1.78,-3.53,-10.43,0.49,dasatinib,topotecan,
ERLOTINIB,SORAFENIB,UWB1289+BRCA1,0.39,-0.12,5.33,9.21,erlotinib,sorafenib,
MK-2206,TOPOTECAN,UWB1289,-4.46,-5.86,-7.36,-1.65,mk-2206,topotecan,
TOPOTECAN,DINACICLIB,LNCAP,-20.91,-55.84,-57.53,-51.91,topotecan,dinaciclib,
MITOXANTRONE,DACARBAZINE,PC-3,3.63,2.63,1.22,2.78,mitoxantrone,dacarbazine,
RUXOLITINIB,TEMOZOLOMIDE,UO-31,-1.9,-2.24,-10.72,-2.68,ruxolitinib,temozolomide,
METHOTREXATE,ERLOTINIB,MSTO,-5.74,-14.31,-12.34,-9.17,methotrexate,erlotinib,
CYCLOPHOSPHAMIDE,TEMOZOLOMIDE,MSTO,14.78,18.26,14.45,15.15,cyclophosphamide,temozolomide,
Lenalidomide,BMS-754807,DIPG25,4.777,5.703,-6.909,6.609,lenalidomide,bms-754807,
DASATINIB,OXALIPLATIN,LNCAP,-2.22,-14.26,-9.7,-7.39,dasatinib,oxaliplatin,
METHOTREXATE,ERLOTINIB,MSTO,-5.81,-12.21,-10.23,-7.06,methotrexate,erlotinib,
CRIZOTINIB,GEFITINIB,NCI\\/ADR-RES,-1.2,5.99,4.15,5.22,crizotinib,gefitinib,
MITOXANTRONE,DACARBAZINE,MALME-3M,-0.23,3.04,-28.44,0.89,mitoxantrone,dacarbazine,
RUXOLITINIB,BORTEZOMIB,NCI\\/ADR-RES,0.1,1.62,1.27,0.42,ruxolitinib,bortezomib,
MK-2206,SN-38,DLD1,1.99,10.45,11.64,13.07,mk-2206,sn-38,
METHOTREXATE,MK-8776,EFM192B,-6.52,-7.64,-6.68,-2.12,methotrexate,mk-8776,
LAPATINIB,OXALIPLATIN,EFM192B,-6.77,-7.29,-1.37,1.81,lapatinib,oxaliplatin,
LENALIDOMIDE,PACLITAXEL,UO-31,2.23,-7.13,-7.8,-7.39,lenalidomide,paclitaxel,
LAPATINIB,OXALIPLATIN,ZR751,-7.89,-9.78,0.06,1.53,lapatinib,oxaliplatin,
DACARBAZINE,BLEOMYCIN,PC-3,-5.07,-3.43,-0.77,-0.19,dacarbazine,bleomycin,
TEMOZOLOMIDE,TOPOTECAN,UWB1289+BRCA1,-3.43,-3.28,-22.03,2.75,temozolomide,topotecan,
Trametinib,Entinostat,DIPG25,4.841,3.58,8.355,10.734,trametinib,entinostat,
TOPOTECAN,DINACICLIB,UWB1289+BRCA1,-1.13,-1.78,-0.96,3.01,topotecan,dinaciclib,
CYCLOPHOSPHAMIDE,ERLOTINIB,MSTO,-25.0,-37.09,-60.78,-38.93,cyclophosphamide,erlotinib,
VINBLASTINE,DASATINIB,UWB1289,-1.35,-1.67,3.36,5.12,vinblastine,dasatinib,
CRIZOTINIB,METHOTREXATE,MALME-3M,-1.62,3.53,-7.76,1.68,crizotinib,methotrexate,
VINORELBINE,LAPATINIB,UWB1289,1.28,-0.4,0.8,3.2,vinorelbine,lapatinib,
MITOXANTRONE,DACARBAZINE,SNB-19,4.61,0.32,-40.48,-0.66,mitoxantrone,dacarbazine,
TEMOZOLOMIDE,MK-2206,UWB1289,-8.69,-3.23,-19.04,4.86,temozolomide,mk-2206,
ERLOTINIB,DASATINIB,COLO320DM,6.49,5.04,-10.05,2.17,erlotinib,dasatinib,
GEMCITABINE,BORTEZOMIB,KPL1,-7.3,-8.16,-3.6,-1.46,gemcitabine,bortezomib,
LAPATINIB,DASATINIB,ZR751,-11.81,-15.68,-13.48,-9.27,lapatinib,dasatinib,
MK-2206,MK-8776,EFM192B,-3.19,-3.04,-10.2,5.11,mk-2206,mk-8776,
METHOTREXATE,BUPARLISIB,U-HO1,13.18,9.45,-20.93,-0.81,methotrexate,buparlisib,
SORAFENIB,DINACICLIB,ZR751,3.48,-2.47,-15.92,5.72,sorafenib,dinaciclib,
METHOTREXATE,BORTEZOMIB,EFM192B,1.84,0.7,-6.07,3.16,methotrexate,bortezomib,
MK-2206,Gemcitabine,DIPG25,23.111,25.36,7.473,7.532,mk-2206,gemcitabine,
METHOTREXATE,SORAFENIB,UWB1289,-5.27,-6.34,-3.95,2.39,methotrexate,sorafenib,
CYCLOPHOSPHAMIDE,DASATINIB,ZR751,0.32,-8.15,-7.2,-8.49,cyclophosphamide,dasatinib,
GEMCITABINE,ERLOTINIB,MSTO,1.01,-2.58,-2.71,2.15,gemcitabine,erlotinib,
VINBLASTINE,TEMOZOLOMIDE,ZR751,-4.49,-9.26,-59.3,-12.96,vinblastine,temozolomide,
SORAFENIB,MK-8776,KPL1,-8.55,-8.36,-5.22,-0.84,sorafenib,mk-8776,
PACLITAXEL,SORAFENIB,UWB1289+BRCA1,-2.19,-3.56,-1.59,2.62,paclitaxel,sorafenib,
BORTEZOMIB,OXALIPLATIN,COLO320DM,18.01,15.16,1.55,15.14,bortezomib,oxaliplatin,
GEMCITABINE,TEMOZOLOMIDE,ZR751,-4.07,-10.62,-19.69,-14.29,gemcitabine,temozolomide,
LAPATINIB,TOPOTECAN,EFM192B,1.17,0.9,5.52,9.77,lapatinib,topotecan,
CYCLOPHOSPHAMIDE,MK-2206,LNCAP,-23.96,-41.38,-64.48,-43.28,cyclophosphamide,mk-2206,
VINORELBINE,DASATINIB,UWB1289,4.16,0.76,7.09,8.42,vinorelbine,dasatinib,
GEMCITABINE,MK-2206,UWB1289,-6.19,-7.19,-2.86,1.1,gemcitabine,mk-2206,
CRIZOTINIB,DASATINIB,MALME-3M,-0.85,-0.87,-2.38,-1.93,crizotinib,dasatinib,
TEMOZOLOMIDE,LAPATINIB,MSTO,12.64,12.32,0.88,14.46,temozolomide,lapatinib,
BORTEZOMIB,TOPOTECAN,UWB1289+BRCA1,1.94,2.15,-0.16,3.53,bortezomib,topotecan,
MITOXANTRONE,LAPATINIB,UO-31,-7.44,-1.06,-0.14,2.45,mitoxantrone,lapatinib,
VINORELBINE,LAPATINIB,ZR751,-12.26,-8.05,3.4,4.43,vinorelbine,lapatinib,
ROMIDEPSIN,LAPATINIB,SNB-19,-1.61,-1.13,-64.55,-1.21,romidepsin,lapatinib,
CYCLOPHOSPHAMIDE,DASATINIB,DLD1,3.57,6.3,-26.71,5.52,cyclophosphamide,dasatinib,
PACLITAXEL,SORAFENIB,LNCAP,-6.98,-13.11,-10.93,-6.15,paclitaxel,sorafenib,
PACLITAXEL,ERLOTINIB,COLO320DM,6.94,3.14,3.6,3.76,paclitaxel,erlotinib,
METHOTREXATE,DINACICLIB,ZR751,-4.42,-5.55,-5.99,1.76,methotrexate,dinaciclib,
TEMOZOLOMIDE,SN-38,DLD1,-1.66,-3.89,-100.34,-6.97,temozolomide,sn-38,
TEMOZOLOMIDE,DASATINIB,EFM192B,0.53,3.42,-7.48,-2.9,temozolomide,dasatinib,
CYCLOPHOSPHAMIDE,MK-8776,UWB1289,1.52,-0.87,-28.03,-1.41,cyclophosphamide,mk-8776,
MITOXANTRONE,BORTEZOMIB,UO-31,-9.08,-3.28,-0.42,-0.39,mitoxantrone,bortezomib,
ERLOTINIB,MK-8776,LNCAP,0.13,-0.01,-2.29,5.91,erlotinib,mk-8776,
VINBLASTINE,BORTEZOMIB,ZR751,-1.95,-3.43,1.53,2.59,vinblastine,bortezomib,
METHOTREXATE,SORAFENIB,ZR751,-2.57,-3.98,-4.7,5.14,methotrexate,sorafenib,
MK-2206,SORAFENIB,DLD1,10.73,13.22,12.8,17.01,mk-2206,sorafenib,
METHOTREXATE,DINACICLIB,UWB1289+BRCA1,-0.57,-3.41,-5.54,0.24,methotrexate,dinaciclib,
OXALIPLATIN,SORAFENIB,UWB1289,-1.6,-2.0,1.36,7.02,oxaliplatin,sorafenib,
VINORELBINE,ERLOTINIB,KPL1,-8.42,-7.61,-6.64,-4.2,vinorelbine,erlotinib,
LAPATINIB,MK-8776,ZR751,-17.16,-16.42,-6.82,-5.35,lapatinib,mk-8776,
BORTEZOMIB,MK-8776,ZR751,-2.35,-4.49,-9.17,0.91,bortezomib,mk-8776,
VINBLASTINE,DINACICLIB,DLD1,-1.77,-2.05,-5.07,-0.18,vinblastine,dinaciclib,
RUXOLITINIB,SORAFENIB,NCI\\/ADR-RES,-5.26,-8.96,-16.22,-10.1,ruxolitinib,sorafenib,
SN-38,DASATINIB,MALME-3M,-5.23,-0.85,-4.7,0.8,sn-38,dasatinib,
Selumetinib,ibrutinib,TMD8,0.832,0.992,-17.301,3.311,selumetinib,ibrutinib,
ROMIDEPSIN,SORAFENIB,UO-31,-2.28,-3.76,-2.94,-2.94,romidepsin,sorafenib,
DASATINIB,GEFITINIB,TC-32,-1.86,6.36,3.54,5.02,dasatinib,gefitinib,
TEMOZOLOMIDE,BORTEZOMIB,UWB1289+BRCA1,-1.29,-2.78,-3.18,-2.22,temozolomide,bortezomib,
VINBLASTINE,BORTEZOMIB,DLD1,-0.37,0.69,-1.87,1.45,vinblastine,bortezomib,
ERLOTINIB,DINACICLIB,UWB1289+BRCA1,-1.43,-2.87,-3.4,2.29,erlotinib,dinaciclib,
BORTEZOMIB,DINACICLIB,DLD1,0.95,-0.41,-4.45,0.03,bortezomib,dinaciclib,
SORAFENIB,MK-8776,LNCAP,1.0,1.47,1.35,7.69,sorafenib,mk-8776,
LEFLUNOMIDE,SORAFENIB,KBM-7,2.21,2.21,3.37,3.37,leflunomide,sorafenib,
RUXOLITINIB,BORTEZOMIB,MDA-MB-435,3.58,2.53,-3.42,-3.6,ruxolitinib,bortezomib,
GEMCITABINE,MK-8776,COLO320DM,7.6,5.24,3.73,9.01,gemcitabine,mk-8776,
Bicalutamide,ibrutinib,TMD8,-6.544,-7.872,-18.684,-1.118,bicalutamide,ibrutinib,
VINORELBINE,SORAFENIB,UWB1289,-0.52,-0.92,1.51,4.94,vinorelbine,sorafenib,
PACLITAXEL,ERLOTINIB,KPL1,-0.95,-0.02,2.9,4.98,paclitaxel,erlotinib,
SN-38,MK-8776,MSTO,11.32,10.01,4.96,10.7,sn-38,mk-8776,
PACLITAXEL,MK-2206,DLD1,12.92,12.21,2.72,14.74,paclitaxel,mk-2206,
METHOTREXATE,IRINOTECAN,KBM-7,-13.81,-13.81,-11.03,-11.03,methotrexate,irinotecan,
DASATINIB,TOPOTECAN,UWB1289+BRCA1,-5.04,-5.45,0.51,3.91,dasatinib,topotecan,
TOPOTECAN,MK-8776,ZR751,-8.1,-7.17,-7.77,2.53,topotecan,mk-8776,
NILOTINIB,FULVESTRANT,PC-3,-5.66,-1.81,0.19,0.19,nilotinib,fulvestrant,
Luminespib,BUPARLISIB,U-HO1,14.65,11.42,0.28,2.22,luminespib,buparlisib,
METHOTREXATE,ERLOTINIB,LNCAP,1.63,-6.26,-3.94,-0.06,methotrexate,erlotinib,
RUXOLITINIB,DACARBAZINE,NCI\\/ADR-RES,-0.22,-1.28,-2.59,-2.52,ruxolitinib,dacarbazine,
PACLITAXEL,BORTEZOMIB,COLO320DM,14.3,13.34,5.22,12.86,paclitaxel,bortezomib,
MK-2206,Palbociclib,DIPG25,33.691,34.272,12.693,16.052,mk-2206,palbociclib,
ROMIDEPSIN,FULVESTRANT,HL-60(TB),11.86,11.91,-47.75,8.81,romidepsin,fulvestrant,
DASATINIB,SORAFENIB,MDA-MB-435,-1.33,-0.33,1.18,-0.45,dasatinib,sorafenib,
MK-2206,OXALIPLATIN,ZR751,-7.94,-9.16,-0.22,2.57,mk-2206,oxaliplatin,
TOPOTECAN,MK-8776,EFM192B,-1.56,-2.71,-15.45,4.45,topotecan,mk-8776,
MITOXANTRONE,BORTEZOMIB,PC-3,-5.81,-5.87,-5.2,-4.68,mitoxantrone,bortezomib,
VINBLASTINE,MK-8776,DLD1,-5.43,-4.42,-15.68,-1.75,vinblastine,mk-8776,
METHOTREXATE,BORTEZOMIB,COLO320DM,5.75,2.59,-2.03,3.68,methotrexate,bortezomib,
MK-2206,OXALIPLATIN,UWB1289,-5.55,-3.95,2.39,4.6,mk-2206,oxaliplatin,
RUXOLITINIB,LENALIDOMIDE,SNB-19,6.37,-2.11,-4.94,-4.94,ruxolitinib,lenalidomide,
TEMOZOLOMIDE,DINACICLIB,DLD1,3.81,5.27,-65.18,2.92,temozolomide,dinaciclib,
BORTEZOMIB,SORAFENIB,KPL1,-0.11,-0.24,2.26,5.3,bortezomib,sorafenib,
MK-2206,SORAFENIB,KPL1,0.23,-0.1,5.7,10.08,mk-2206,sorafenib,
AXITINIB,TENIPOSIDE,MALME-3M,-6.47,-1.14,-7.69,-1.69,axitinib,teniposide,
ERLOTINIB,OXALIPLATIN,LNCAP,-0.94,-1.95,-0.93,3.67,erlotinib,oxaliplatin,
VINORELBINE,DASATINIB,KPL1,-1.77,2.02,0.42,4.88,vinorelbine,dasatinib,
METHOTREXATE,BORTEZOMIB,HL-60(TB),-0.18,-1.81,-2.2,-0.89,methotrexate,bortezomib,
TEMOZOLOMIDE,TOPOTECAN,UWB1289,-4.29,-5.4,-21.74,-1.37,temozolomide,topotecan,
PACLITAXEL,DASATINIB,UO-31,-2.58,3.07,4.66,4.93,paclitaxel,dasatinib,
DOCETAXEL,CYCLOPHOSPHAMIDE,PC-3,-2.52,1.95,-1.49,0.86,docetaxel,cyclophosphamide,
BORTEZOMIB,TOPOTECAN,DLD1,5.55,4.92,1.21,6.26,bortezomib,topotecan,
TEMOZOLOMIDE,SORAFENIB,LNCAP,0.09,-1.05,-23.87,-0.77,temozolomide,sorafenib,
DINACICLIB,MK-8776,ZR751,-5.78,-6.69,-21.57,0.64,dinaciclib,mk-8776,
ERLOTINIB,OXALIPLATIN,UWB1289,-5.19,-5.73,3.24,6.57,erlotinib,oxaliplatin,
OXALIPLATIN,SORAFENIB,DLD1,4.05,2.95,-4.32,7.79,oxaliplatin,sorafenib,
LAPATINIB,DASATINIB,DLD1,18.9,18.67,22.27,24.03,lapatinib,dasatinib,
BORTEZOMIB,DINACICLIB,UWB1289+BRCA1,-0.07,-2.62,-6.4,-2.12,bortezomib,dinaciclib,
METHOTREXATE,SORAFENIB,UWB1289+BRCA1,-1.84,-3.28,-4.65,3.02,methotrexate,sorafenib,
DASATINIB,CYCLOPHOSPHAMIDE,MDA-MB-435,0.88,3.22,-2.18,-0.73,dasatinib,cyclophosphamide,
PACLITAXEL,DASATINIB,KPL1,-0.03,0.18,-0.74,4.57,paclitaxel,dasatinib,
RUXOLITINIB,AXITINIB,NCI\\/ADR-RES,0.49,-0.03,-0.28,-1.22,ruxolitinib,axitinib,
TEMOZOLOMIDE,TOPOTECAN,KPL1,1.85,2.89,-13.66,-3.08,temozolomide,topotecan,
CYCLOPHOSPHAMIDE,MK-2206,COLO320DM,4.3,5.96,-20.65,3.82,cyclophosphamide,mk-2206,
DASATINIB,OXALIPLATIN,DLD1,-6.69,-7.35,-7.17,-2.46,dasatinib,oxaliplatin,
FULVESTRANT,SN-38,HL-60(TB),10.52,11.84,-3.24,11.12,fulvestrant,sn-38,
DACARBAZINE,DASATINIB,NCI\\/ADR-RES,-0.2,-1.32,-31.56,-2.4,dacarbazine,dasatinib,
DINACICLIB,MK-8776,UWB1289+BRCA1,-2.04,-6.14,-2.84,-3.42,dinaciclib,mk-8776,
MITOXANTRONE,SORAFENIB,HL-60(TB),3.14,3.89,1.75,5.55,mitoxantrone,sorafenib,
SN-38,CYCLOPHOSPHAMIDE,SNB-19,0.63,-2.52,-40.55,-3.63,sn-38,cyclophosphamide,
MK-2206,SN-38,EFM192B,2.64,1.71,2.34,6.92,mk-2206,sn-38,
VINBLASTINE,MK-2206,ZR751,-7.29,-7.68,3.83,4.47,vinblastine,mk-2206,
GEMCITABINE,ERLOTINIB,UWB1289,-11.07,-11.08,-0.13,3.38,gemcitabine,erlotinib,
LAPATINIB,DINACICLIB,COLO320DM,12.93,15.42,10.36,16.71,lapatinib,dinaciclib,
MK-2206,TOPOTECAN,DLD1,2.0,2.27,-3.6,5.29,mk-2206,topotecan,
MK-2206,MK-8776,DLD1,-3.0,3.08,4.08,5.33,mk-2206,mk-8776,
LAPATINIB,ERLOTINIB,UWB1289,-2.54,-2.58,0.09,4.16,lapatinib,erlotinib,
OXALIPLATIN,MK-8776,UWB1289+BRCA1,0.64,-1.82,3.34,0.26,oxaliplatin,mk-8776,
LENALIDOMIDE,LAPATINIB,SNB-19,-1.82,1.08,1.7,1.7,lenalidomide,lapatinib,
CYCLOPHOSPHAMIDE,MK-2206,COLO320DM,8.84,8.77,-17.85,6.62,cyclophosphamide,mk-2206,
MK-2206,ERLOTINIB,KPL1,11.96,11.73,14.46,16.48,mk-2206,erlotinib,
METHOTREXATE,DINACICLIB,KPL1,-1.13,-5.09,-6.3,-1.42,methotrexate,dinaciclib,
MK-2206,MK-2206,SMS-CTR,18.75,19.54,-6.77,-4.47,mk-2206,mk-2206,
CYCLOPHOSPHAMIDE,SORAFENIB,DLD1,10.38,12.47,-3.04,11.85,cyclophosphamide,sorafenib,
TEMOZOLOMIDE,SN-38,MSTO,1.79,3.38,-1.09,5.35,temozolomide,sn-38,
SORAFENIB,DINACICLIB,KPL1,-4.51,-7.13,-6.44,-2.1,sorafenib,dinaciclib,
PACLITAXEL,SORAFENIB,UWB1289+BRCA1,-0.84,-2.0,-0.04,4.17,paclitaxel,sorafenib,
FULVESTRANT,DOCETAXEL,SNB-19,20.42,22.81,8.06,9.34,fulvestrant,docetaxel,
CRIZOTINIB,SN-38,UO-31,-1.03,4.28,-8.02,6.36,crizotinib,sn-38,
CRIZOTINIB,GEFITINIB,MALME-3M,3.38,8.51,6.36,8.29,crizotinib,gefitinib,
VINORELBINE,MK-8776,LNCAP,2.41,1.11,-10.25,5.03,vinorelbine,mk-8776,
VINBLASTINE,SORAFENIB,EFM192B,7.72,6.95,-19.47,10.05,vinblastine,sorafenib,
VINBLASTINE,CYTARABINE,KBM-7,0.62,0.62,2.63,2.72,vinblastine,cytarabine,
METHOTREXATE,TRETINOIN,PC-3,4.76,0.03,-10.48,-1.75,methotrexate,tretinoin,
GEFITINIB,DOCETAXEL,PC-3,2.14,4.15,5.46,7.71,gefitinib,docetaxel,
TENIPOSIDE,METHOTREXATE,UO-31,-14.86,-7.57,-7.87,-3.08,teniposide,methotrexate,
